773
360
0
407
360
6
0,0
1,1
2,2
3,3
4,4
5,5
10
0,129
1,253
2,519
3,520
4,521
5,522
6,523
7,524
8,648
9,772
38,0.0000000000
39,0.0000000000
40,0.0000000000
41,0.0000000000
42,0.0000000000
43,0.0000000000
44,0.0000000000
45,0.0000000000
46,0.0000000000
47,0.0000000000
48,0.0000000000
49,0.0000000000
50,0.0000000000
51,0.0000000000
52,0.0000000000
53,0.0000000000
54,0.0000000000
55,0.0000000000
56,0.0000000000
57,0.0000000000
58,0.0000000000
59,0.0000000000
60,0.0000000000
61,0.0000000000
62,0.0000000000
63,0.0000000000
64,0.0000000000
65,0.0000000000
66,0.0000000000
67,0.0000000000
98,0.0000000000
99,0.0000000000
100,0.0000000000
101,0.0000000000
102,0.0000000000
103,0.0000000000
104,0.0000000000
105,0.0000000000
106,0.0000000000
107,0.0000000000
108,0.0000000000
109,0.0000000000
110,0.0000000000
111,0.0000000000
112,0.0000000000
113,0.0000000000
114,0.0000000000
115,0.0000000000
116,0.0000000000
117,0.0000000000
118,0.0000000000
119,0.0000000000
120,0.0000000000
121,0.0000000000
122,0.0000000000
123,0.0000000000
124,0.0000000000
125,0.0000000000
126,0.0000000000
127,0.0000000000
162,0.0000000000
163,0.0000000000
164,0.0000000000
165,0.0000000000
166,0.0000000000
167,0.0000000000
168,0.0000000000
169,0.0000000000
170,0.0000000000
171,0.0000000000
172,0.0000000000
173,0.0000000000
174,0.0000000000
175,0.0000000000
176,0.0000000000
177,0.0000000000
178,0.0000000000
179,0.0000000000
180,0.0000000000
181,0.0000000000
182,0.0000000000
183,0.0000000000
184,0.0000000000
185,0.0000000000
186,0.0000000000
187,0.0000000000
188,0.0000000000
189,0.0000000000
190,0.0000000000
191,0.0000000000
222,0.0000000000
223,0.0000000000
224,0.0000000000
225,0.0000000000
226,0.0000000000
227,0.0000000000
228,0.0000000000
229,0.0000000000
230,0.0000000000
231,0.0000000000
232,0.0000000000
233,0.0000000000
234,0.0000000000
235,0.0000000000
236,0.0000000000
237,0.0000000000
238,0.0000000000
239,0.0000000000
240,0.0000000000
241,0.0000000000
242,0.0000000000
243,0.0000000000
244,0.0000000000
245,0.0000000000
246,0.0000000000
247,0.0000000000
248,0.0000000000
249,0.0000000000
250,0.0000000000
251,0.0000000000
296,0.0000000000
297,0.0000000000
298,0.0000000000
299,0.0000000000
300,0.0000000000
301,0.0000000000
302,0.0000000000
303,0.0000000000
304,0.0000000000
305,0.0000000000
306,0.0000000000
307,0.0000000000
308,0.0000000000
309,0.0000000000
310,0.0000000000
311,0.0000000000
312,0.0000000000
313,0.0000000000
314,0.0000000000
315,0.0000000000
316,0.0000000000
317,0.0000000000
318,0.0000000000
319,0.0000000000
320,0.0000000000
321,0.0000000000
322,0.0000000000
323,0.0000000000
324,0.0000000000
325,0.0000000000
356,0.0000000000
357,0.0000000000
358,0.0000000000
359,0.0000000000
360,0.0000000000
361,0.0000000000
362,0.0000000000
363,0.0000000000
364,0.0000000000
365,0.0000000000
366,0.0000000000
367,0.0000000000
368,0.0000000000
369,0.0000000000
370,0.0000000000
371,0.0000000000
372,0.0000000000
373,0.0000000000
374,0.0000000000
375,0.0000000000
376,0.0000000000
377,0.0000000000
378,0.0000000000
379,0.0000000000
380,0.0000000000
381,0.0000000000
382,0.0000000000
383,0.0000000000
384,0.0000000000
385,0.0000000000
422,0.0000000000
423,0.0000000000
424,0.0000000000
425,0.0000000000
426,0.0000000000
427,0.0000000000
428,0.0000000000
429,0.0000000000
430,0.0000000000
431,0.0000000000
432,0.0000000000
433,0.0000000000
434,0.0000000000
435,0.0000000000
436,0.0000000000
437,0.0000000000
438,0.0000000000
439,0.0000000000
440,0.0000000000
441,0.0000000000
442,0.0000000000
443,0.0000000000
444,0.0000000000
445,0.0000000000
446,0.0000000000
447,0.0000000000
448,0.0000000000
449,0.0000000000
450,0.0000000000
451,0.0000000000
482,0.0000000000
483,0.0000000000
484,0.0000000000
485,0.0000000000
486,0.0000000000
487,0.0000000000
488,0.0000000000
489,0.0000000000
490,0.0000000000
491,0.0000000000
492,0.0000000000
493,0.0000000000
494,0.0000000000
495,0.0000000000
496,0.0000000000
497,0.0000000000
498,0.0000000000
499,0.0000000000
500,0.0000000000
501,0.0000000000
502,0.0000000000
503,0.0000000000
504,0.0000000000
505,0.0000000000
506,0.0000000000
507,0.0000000000
508,0.0000000000
509,0.0000000000
510,0.0000000000
511,0.0000000000
557,0.0000000000
558,0.0000000000
559,0.0000000000
560,0.0000000000
561,0.0000000000
562,0.0000000000
563,0.0000000000
564,0.0000000000
565,0.0000000000
566,0.0000000000
567,0.0000000000
568,0.0000000000
569,0.0000000000
570,0.0000000000
571,0.0000000000
572,0.0000000000
573,0.0000000000
574,0.0000000000
575,0.0000000000
576,0.0000000000
577,0.0000000000
578,0.0000000000
579,0.0000000000
580,0.0000000000
581,0.0000000000
582,0.0000000000
583,0.0000000000
584,0.0000000000
585,0.0000000000
586,0.0000000000
617,0.0000000000
618,0.0000000000
619,0.0000000000
620,0.0000000000
621,0.0000000000
622,0.0000000000
623,0.0000000000
624,0.0000000000
625,0.0000000000
626,0.0000000000
627,0.0000000000
628,0.0000000000
629,0.0000000000
630,0.0000000000
631,0.0000000000
632,0.0000000000
633,0.0000000000
634,0.0000000000
635,0.0000000000
636,0.0000000000
637,0.0000000000
638,0.0000000000
639,0.0000000000
640,0.0000000000
641,0.0000000000
642,0.0000000000
643,0.0000000000
644,0.0000000000
645,0.0000000000
646,0.0000000000
681,0.0000000000
682,0.0000000000
683,0.0000000000
684,0.0000000000
685,0.0000000000
686,0.0000000000
687,0.0000000000
688,0.0000000000
689,0.0000000000
690,0.0000000000
691,0.0000000000
692,0.0000000000
693,0.0000000000
694,0.0000000000
695,0.0000000000
696,0.0000000000
697,0.0000000000
698,0.0000000000
699,0.0000000000
700,0.0000000000
701,0.0000000000
702,0.0000000000
703,0.0000000000
704,0.0000000000
705,0.0000000000
706,0.0000000000
707,0.0000000000
708,0.0000000000
709,0.0000000000
710,0.0000000000
741,0.0000000000
742,0.0000000000
743,0.0000000000
744,0.0000000000
745,0.0000000000
746,0.0000000000
747,0.0000000000
748,0.0000000000
749,0.0000000000
750,0.0000000000
751,0.0000000000
752,0.0000000000
753,0.0000000000
754,0.0000000000
755,0.0000000000
756,0.0000000000
757,0.0000000000
758,0.0000000000
759,0.0000000000
760,0.0000000000
761,0.0000000000
762,0.0000000000
763,0.0000000000
764,0.0000000000
765,0.0000000000
766,0.0000000000
767,0.0000000000
768,0.0000000000
769,0.0000000000
770,0.0000000000
0,0,0.0000000000,0,0.0000000000,1,0.0000000000,2,1.0000000000,3,0.0000000000,4,0.0000000000,5,0.0000000000,6,-1.0000000000
1,0,0.0000000000,0,0.0000000000,1,0.0000000000,2,0.0000000000,3,1.0000000000,4,0.0000000000,5,0.0000000000,7,-1.0000000000
2,0,0.5756330490,6,-0.2857449949,7,-0.5818331838,8,-1.0000000000
3,0,0.4153255820,6,-0.6363978386,7,-0.0201633051,9,-1.0000000000
4,0,0.6031166911,6,-0.2022623867,7,-0.5587995052,10,-1.0000000000
5,0,-0.3931312561,6,0.3435318470,7,0.5983251333,11,-1.0000000000
6,0,-0.7251348495,6,0.2548181117,7,0.1524634808,12,-1.0000000000
7,0,0.4723616242,6,0.4713237882,7,0.5518397093,13,-1.0000000000
8,0,-0.0967995524,6,-0.0019664997,7,-0.6256303787,14,-1.0000000000
9,0,0.1870286614,6,-0.1555573493,7,-0.2001305073,15,-1.0000000000
10,0,-0.0715159550,6,-0.4766639769,7,-0.5247418880,16,-1.0000000000
11,0,0.3571799695,6,-0.2539187372,7,0.5517193079,17,-1.0000000000
12,0,0.4119786918,6,0.4981635213,7,0.4322230518,18,-1.0000000000
13,0,-0.5005849004,6,-0.5204929113,7,0.0355930887,19,-1.0000000000
14,0,0.6153785586,6,0.4183242321,7,0.4371678829,20,-1.0000000000
15,0,0.5405035019,6,-0.6698974371,7,-0.5210480094,21,-1.0000000000
16,0,-0.2433236390,6,0.3020256460,7,0.4544996023,22,-1.0000000000
17,0,0.6321940422,6,-0.3340066075,7,-0.6544295549,23,-1.0000000000
18,0,0.6342574954,6,0.3723469675,7,0.6323879957,24,-1.0000000000
19,0,0.6036383510,6,-0.6476333737,7,-0.6164126396,25,-1.0000000000
20,0,0.5754257441,6,0.1385862082,7,0.2556748986,26,-1.0000000000
21,0,-0.0494023710,6,-0.0178403798,7,0.4031411707,27,-1.0000000000
22,0,-0.1385990679,6,0.3784652054,7,0.6638854146,28,-1.0000000000
23,0,0.5028768182,6,0.3932795227,7,-0.0289397035,29,-1.0000000000
24,0,-0.1374177486,6,0.5469170809,7,-0.4935225248,30,-1.0000000000
25,0,-0.5687988400,6,-0.5459797978,7,0.4359064996,31,-1.0000000000
26,0,-0.6566717625,6,-0.5579361320,7,-0.5578237176,32,-1.0000000000
27,0,0.6229074001,6,-0.4066574275,7,0.4809256792,33,-1.0000000000
28,0,-0.1687708944,6,-0.6589807868,7,-0.5890274644,34,-1.0000000000
29,0,-0.4592879713,6,-0.5446423292,7,0.2644191384,35,-1.0000000000
30,0,0.6857100129,6,-0.5113016367,7,-0.4242422581,36,-1.0000000000
31,0,-0.2690795064,6,0.3099024594,7,0.0689117163,37,-1.0000000000
32,0,0.0486139357,38,-0.0875717327,39,0.1025475636,40,0.0903560668,41,0.1694551855,42,-0.0875772834,43,0.1834707558,44,0.0817998201,45,0.0587068386,46,0.1810557544,47,0.0880409777,48,-0.1212587357,49,-0.1937298328,50,0.0979874656,51,-0.0779305175,52,-0.1331341863,53,-0.0413064808,54,-0.0587227382,55,-0.1716710478,56,-0.1046210304,57,-0.1505034864,58,0.1659406573,59,-0.0155112827,60,-0.0817651302,61,0.0692260712,62,-0.0350158699,63,0.1821354628,64,0.1255337447,65,0.0179287717,66,-0.0794689506,67,0.0243510660,68,-1.0000000000
33,0,-0.0824963227,38,-0.1647906601,39,-0.0504086725,40,-0.0306348074,41,-0.0683348998,42,-0.1437449455,43,0.0100856060,44,0.0980601907,45,0.0897566304,46,-0.0133877592,47,-0.1369556487,48,0.0531826057,49,0.1219306886,50,-0.1787930578,51,-0.1225656271,52,0.1077829748,53,0.1231944710,54,-0.0823251233,55,0.1546468586,56,0.1159033030,57,-0.0359974802,58,-0.0844470859,59,0.0819671378,60,0.1583113372,61,0.0718006715,62,-0.1299203038,63,-0.1383859813,64,0.1209560111,65,-0.0949215740,66,-0.0649172217,67,-0.0279445667,69,-1.0000000000
34,0,0.0207695756,38,-0.1249626875,39,-0.1709996909,40,-0.0340561941,41,0.1518249512,42,-0.0449260175,43,0.0824496374,44,0.1721694916,45,-0.1077364683,46,0.0097475965,47,0.0714702234,48,0.0066746403,49,-0.0505184382,50,-0.1779395938,51,-0.0306665618,52,-0.0440588258,53,0.1735388041,54,-0.0034780980,55,-0.1219488457,56,-0.0027146044,57,0.0632249117,58,0.0225883164,59,-0.1630800962,60,-0.0326527953,61,-0.0352999456,62,-0.0751854628,63,0.1018240377,64,0.0590524599,65,-0.0583879016,66,0.0677159429,67,0.0274354480,70,-1.0000000000
35,0,-0.0341007002,38,0.0766690448,39,0.1064030454,40,0.0882041678,41,0.0828859732,42,0.1280319691,43,0.0687345043,44,0.0302189589,45,-0.1176745072,46,-0.0332719497,47,-0.1298123598,48,0.0337465703,49,-0.1258573979,50,0.1330592334,51,0.0025463640,52,0.1032158583,53,0.1299948394,54,0.1585325152,55,-0.0216676425,56,-0.0800438151,57,-0.1704902500,58,-0.1348815709,59,0.0113701848,60,-0.1932861358,61,0.1152663901,62,-0.0762923583,63,-0.1380701214,64,-0.0837397352,65,-0.1466328949,66,0.0723953173,67,-0.0613923557,71,-1.0000000000
36,0,-0.0725758299,38,0.0190235134,39,0.0895166993,40,0.1100525185,41,0.1772008836,42,-0.0889578536,43,-0.1841778159,44,0.0485265814,45,0.1680712104,46,0.0864360332,47,0.1068416610,48,-0.1233089790,49,-0.1179980412,50,0.1097056344,51,0.1384595037,52,0.0263754129,53,-0.0563491508,54,-0.1528403908,55,0.1327840835,56,-0.1785440445,57,-0.1165899113,58,0.1482564509,59,-0.1534176916,60,0.0713576302,61,0.1164600775,62,0.1723228842,63,-0.0067748884,64,0.0763393715,65,0.0191699248,66,-0.0466463678,67,0.1425956190,72,-1.0000000000
37,0,0.1302796304,38,0.1715481430,39,0.1808907241,40,-0.1557132006,41,-0.1574283391,42,-0.0179375354,43,0.1522274762,44,-0.1126981676,45,0.1451155394,46,0.0838595107,47,-0.1624532193,48,-0.0412939191,49,-0.1802247316,50,0.0767233223,51,0.0053848298,52,0.0995888561,53,0.0849150643,54,-0.0522568785,55,-0.0671086460,56,0.0618966073,57,0.0927687660,58,0.1404528916,59,0.0664922521,60,0.0012301090,61,0.1225326285,62,0.0484079905,63,-0.1660066694,64,-0.1645774394,65,-0.0177199990,66,-0.1522847116,67,-0.1631598920,73,-1.0000000000
38,0,-0.0953182429,38,-0.0139306327,39,-0.0931896567,40,0.0715340972,41,0.0058292067,42,0.1873375624,43,-0.0197794791,44,-0.0695615932,45,0.1234508157,46,0.0954808816,47,-0.1106820926,48,0.1007638499,49,0.1658183783,50,-0.1061132774,51,0.0198474098,52,-0.1433208585,53,0.1131899431,54,0.1853406280,55,-0.1328343153,56,-0.0425432026,57,0.1387577802,58,-0.1267729998,59,-0.0756907314,60,0.1236029118,61,-0.1660888493,62,0.1382514983,63,-0.0315163806,64,-0.0699852109,65,-0.0806171373,66,0.1086896881,67,-0.1611377895,74,-1.0000000000
39,0,0.1776219010,38,-0.0325195305,39,-0.1643695384,40,0.1395166814,41,0.1197962239,42,0.1542815417,43,-0.0334204510,44,-0.0475335121,45,-0.0029952575,46,-0.1646996439,47,-0.0681684539,48,-0.0260958131,49,-0.0561608672,50,-0.1767386496,51,0.1391118169,52,-0.1062007621,53,0.0353070237,54,0.0813114047,55,-0.1067881212,56,-0.1503648907,57,-0.0315480456,58,0.0186601747,59,0.0835444853,60,-0.0760960504,61,0.1233401820,62,-0.1209085658,63,-0.0684255734,64,-0.0970745459,65,-0.1359689534,66,-0.0174572710,67,-0.1132458374,75,-1.0000000000
40,0,0.0829725415,38,0.0442627594,39,0.0231319182,40,-0.0034620853,41,0.0844835863,42,0.0269995797,43,-0.1565973014,44,-0.0043495563,45,0.0124669233,46,-0.0720636919,47,-0.0087683452,48,0.1268885434,49,-0.0592268370,50,-0.0842098221,51,0.0830317363,52,0.0820782557,53,-0.0174424704,54,0.0548588298,55,0.1615184247,56,-0.1840780824,57,-0.0177421216,58,-0.1787429303,59,0.1166966036,60,-0.0218272973,61,-0.1282422543,62,0.1495642513,63,-0.1059493199,64,-0.0040613352,65,0.1804574877,66,-0.1372294873,67,0.0480541214,76,-1.0000000000
41,0,0.0808807686,38,-0.1389122754,39,0.1169332266,40,-0.1210107058,41,0.1276778877,42,-0.0706163868,43,0.1234007776,44,-0.1729071438,45,0.0582595766,46,0.0993133336,47,0.0153592667,48,0.0897045135,49,-0.0068438859,50,0.1074492559,51,0.0743272305,52,0.0476414226,53,-0.0341372453,54,0.1370699704,55,0.1364983767,56,-0.1560237259,57,-0.0935272723,58,-0.0831708834,59,-0.1235079169,60,-0.0272830911,61,0.0636690781,62,0.0570829846,63,0.0641697645,64,-0.0525442921,65,0.0244671162,66,0.0284265764,67,0.1067751721,77,-1.0000000000
42,0,0.1480247676,38,0.1326424330,39,0.1539329886,40,-0.0567989610,41,-0.1716642678,42,-0.1753815413,43,-0.1380875111,44,-0.1331599802,45,-0.1062205061,46,0.0818958431,47,-0.0387901738,48,0.0984261408,49,0.0428769477,50,0.0284723043,51,0.0355944447,52,-0.1567609012,53,-0.0737279207,54,0.0725168735,55,-0.0898499116,56,-0.0162864700,57,0.0947061479,58,-0.1538166702,59,0.0436976440,60,0.1279898584,61,0.1704713404,62,-0.0445357747,63,0.0824454650,64,-0.1618711054,65,0.0224163439,66,0.0889264420,67,-0.0887079313,78,-1.0000000000
43,0,-0.1070579812,38,-0.1339424998,39,0.1429603249,40,0.0335376970,41,0.1752062887,42,-0.1817975193,43,0.0750451013,44,0.0129688308,45,0.1244793162,46,-0.1742679924,47,-0.1640693247,48,0.0558241941,49,-0.0737373084,50,0.0691060945,51,-0.1685712487,52,0.1590410769,53,-0.1444670707,54,-0.1247561574,55,0.1577939689,56,0.0148929628,57,-0.1144593433,58,-0.0375991352,59,0.0494708344,60,-0.0853364542,61,0.1713744700,62,-0.1085304469,63,0.1627125740,64,-0.1545092016,65,-0.0977544263,66,-0.0621736050,67,-0.0483456142,79,-1.0000000000
44,0,-0.1340636313,38,0.0329977609,39,-0.1385452598,40,0.1015459597,41,0.0837350339,42,-0.1631749123,43,-0.0173022039,44,-0.1650845408,45,-0.0181568060,46,-0.1662454754,47,0.0689011440,48,0.1771448106,49,0.1746658981,50,0.1435895413,51,-0.1302700937,52,-0.0012706533,53,0.0429848768,54,0.1104930118,55,-0.1505572200,56,-0.0974019840,57,-0.0874422342,58,-0.1818911135,59,0.1299043298,60,-0.0416529588,61,-0.0914792418,62,0.0631087199,63,0.0042440211,64,-0.0707937926,65,0.1443911642,66,-0.0519902818,67,0.0633006468,80,-1.0000000000
45,0,0.1545187533,38,-0.0172164682,39,0.0818730816,40,0.1028774232,41,0.1351439357,42,-0.1698325425,43,-0.0365983769,44,-0.0754916966,45,0.0112951640,46,-0.1385838687,47,-0.0064465911,48,-0.0763062090,49,0.0076873004,50,-0.0807742551,51,-0.1420858353,52,0.0356534496,53,0.1188687906,54,-0.1759984046,55,0.0923323110,56,-0.1730319709,57,-0.0995360240,58,-0.1230639294,59,-0.0580505095,60,0.0630585700,61,0.0776911750,62,-0.0831563845,63,0.1715147048,64,0.0093856957,65,-0.1226868555,66,0.0626221299,67,0.1604265720,81,-1.0000000000
46,0,-0.1540728658,38,0.1591474414,39,0.1027937010,40,-0.1450594515,41,0.1405695826,42,0.1118687913,43,-0.0987896323,44,0.1381399482,45,-0.0847449303,46,-0.0747390985,47,-0.1554264575,48,0.0537605137,49,-0.0569043756,50,0.0582166351,51,0.0632552132,52,-0.1113324091,53,-0.0848351866,54,-0.0402657017,55,0.0113052409,56,-0.0912347510,57,0.1013688892,58,-0.0555314422,59,0.1160979718,60,-0.0396498106,61,-0.1621361077,62,0.0323145688,63,0.0846338645,64,0.0271188226,65,0.0771663859,66,-0.0084014386,67,-0.0196817480,82,-1.0000000000
47,0,-0.0747764632,38,-0.0200778730,39,-0.0504182056,40,0.0857395753,41,0.0628644750,42,0.1853205264,43,-0.0071564727,44,-0.0026652408,45,-0.0019117318,46,0.1167718843,47,0.0805271864,48,-0.0205573998,49,0.0288218558,50,0.0552497730,51,-0.0890058652,52,0.0723532811,53,0.1152612120,54,-0.1142712533,55,-0.0967352986,56,-0.0715531930,57,0.0904334262,58,-0.1337984353,59,0.0869482085,60,-0.0204788875,61,0.0269463751,62,-0.0757456347,63,-0.0803624466,64,-0.1576381624,65,0.0094825951,66,0.0417270809,67,-0.0650291741,83,-1.0000000000
48,0,-0.1466015726,38,-0.0014165015,39,0.0898607969,40,0.0470370427,41,-0.1079873070,42,-0.0755043700,43,-0.0584475510,44,0.0531052798,45,-0.0694373846,46,-0.0472718179,47,-0.0955546126,48,-0.0276048407,49,0.0762935877,50,0.0050591454,51,-0.0290450808,52,0.0141517902,53,0.1354260594,54,-0.0202629268,55,0.1522275209,56,-0.0564639606,57,0.0295117069,58,-0.0364613272,59,0.0070052431,60,-0.0585260466,61,0.1667047143,62,0.0216578152,63,-0.0786633119,64,-0.0537809916,65,-0.0680430382,66,-0.0758140534,67,-0.0917200595,84,-1.0000000000
49,0,-0.0690728575,38,-0.0824064836,39,-0.1754399687,40,-0.1381696910,41,-0.1316699684,42,-0.0690694600,43,-0.0350742526,44,-0.0007551463,45,0.0201160703,46,-0.0619419627,47,0.0763997585,48,-0.0836503431,49,-0.1776308417,50,-0.0994987488,51,-0.1237348393,52,-0.0055071916,53,0.0587237738,54,-0.0565703884,55,0.1014135405,56,-0.0098604867,57,0.0136622414,58,0.0419284925,59,0.1693102419,60,0.1314694285,61,-0.1683487892,62,-0.0929499269,63,0.1417024732,64,-0.0986553207,65,0.0027067033,66,0.0477895513,67,0.1023078710,85,-1.0000000000
50,0,-0.1507552862,38,0.1539837569,39,-0.0798120648,40,-0.0307820011,41,0.1550389379,42,-0.0395469256,43,-0.0682117641,44,-0.0832464844,45,-0.0715672448,46,-0.1393944919,47,-0.1784392297,48,0.0190478470,49,0.0718382820,50,0.1764910817,51,-0.1072206274,52,0.1605793089,53,0.1059420258,54,-0.0516954772,55,-0.0823544264,56,-0.0976065025,57,-0.1139500141,58,-0.0364707969,59,-0.1225826144,60,-0.0441771112,61,0.0257907994,62,-0.1698466986,63,-0.0916350484,64,0.1167309508,65,-0.1864637583,66,-0.0653570145,67,0.0796016678,86,-1.0000000000
51,0,0.0206490047,38,0.1406828463,39,-0.1014009193,40,0.0165321697,41,-0.1762993485,42,-0.0866613984,43,-0.0522623137,44,0.1243535653,45,-0.0328680463,46,-0.0543638356,47,0.1330517530,48,0.0951715037,49,-0.0081417253,50,-0.1763321459,51,0.0977271944,52,-0.0684817210,53,0.0026725112,54,-0.1597405523,55,0.1287394911,56,0.0237193201,57,-0.0351532847,58,0.1218281686,59,0.1692388058,60,0.0878113657,61,0.1921022683,62,0.0218167230,63,-0.1075887606,64,0.0657550618,65,0.1454010308,66,-0.1809016615,67,0.1562615037,87,-1.0000000000
52,0,0.0309634302,38,-0.1387861222,39,-0.0444608591,40,0.0585372932,41,0.1449090987,42,0.1351608336,43,0.0321537927,44,0.1097323895,45,-0.0755840614,46,0.0922213569,47,0.0054060151,48,-0.0359651521,49,-0.0244688988,50,0.0063707861,51,-0.0851057693,52,-0.0831964985,53,-0.0876194388,54,-0.0106829740,55,0.0667650700,56,-0.1448141038,57,0.0730382800,58,0.1658207178,59,0.0771755576,60,0.0054493961,61,-0.1634359509,62,0.1761491150,63,-0.0173288733,64,-0.1114555672,65,-0.0588290542,66,-0.1510177404,67,0.1571118087,88,-1.0000000000
53,0,-0.0951600298,38,0.1272297055,39,0.1007009745,40,0.1668195128,41,-0.0700703189,42,0.0811637267,43,-0.0403784439,44,0.1059568673,45,-0.1238556802,46,0.1670388877,47,0.0084432913,48,-0.0417806879,49,0.1412113458,50,-0.1738142371,51,0.1698903292,52,-0.1364038736,53,0.0901215374,54,-0.1512403637,55,0.0500808544,56,0.0916587636,57,0.1825181246,58,-0.0925364941,59,-0.0168281235,60,-0.1063700467,61,-0.0533287376,62,0.0655869171,63,-0.1259204149,64,-0.1022923067,65,-0.1772036701,66,0.1586678624,67,0.1276304126,89,-1.0000000000
54,0,0.1109664887,38,0.0861624107,39,-0.0852412954,40,0.1220608875,41,-0.0683434159,42,-0.0170002040,43,0.1481408924,44,0.0669870302,45,0.0575111397,46,-0.0028476941,47,-0.1910821646,48,0.1681915075,49,-0.1012201458,50,0.0556211732,51,-0.0624938272,52,-0.0072607850,53,-0.0906131119,54,-0.0509013720,55,0.0537848771,56,-0.1556731910,57,-0.0918048024,58,0.1098646224,59,-0.0948852524,60,-0.0038954448,61,-0.0952484906,62,0.0143080074,63,-0.1582253575,64,-0.0185570978,65,0.0548170470,66,0.0765359327,67,-0.0546131060,90,-1.0000000000
55,0,-0.1598887295,38,-0.0228860006,39,-0.1067684069,40,-0.1218389720,41,-0.0290721916,42,0.0730163828,43,0.1651081741,44,0.1386743188,45,0.0360403359,46,-0.0826872885,47,-0.1614809334,48,-0.1285742074,49,0.0151878726,50,0.1102703214,51,0.0317661725,52,-0.0864854679,53,-0.1127427295,54,0.1303133965,55,0.1729107946,56,-0.1361292750,57,0.0062874029,58,-0.0375596806,59,-0.0792642981,60,-0.1642764658,61,0.0376837328,62,-0.0963237062,63,-0.1480944455,64,0.1628232598,65,0.0869621634,66,0.1020813659,67,0.1368438154,91,-1.0000000000
56,0,0.0890570357,38,-0.1229026988,39,-0.0771112815,40,0.0740098357,41,0.0555399172,42,-0.1100434288,43,0.0436154306,44,-0.0038694213,45,-0.0374930091,46,-0.0607223436,47,0.0342030451,48,0.1149441451,49,0.0654812530,50,-0.1277179718,51,-0.1492420286,52,0.0990784988,53,0.0250373371,54,-0.1461623907,55,0.0863222331,56,-0.0798321068,57,0.0489593223,58,0.1274151951,59,-0.1741406769,60,0.0672279149,61,-0.0183474515,62,-0.1746510863,63,-0.1380646229,64,0.1384419054,65,0.0617932677,66,-0.1449946761,67,0.1368113607,92,-1.0000000000
57,0,0.0515434891,38,0.0180191230,39,-0.0201912243,40,-0.1813217849,41,0.0646321848,42,-0.0130525650,43,0.0327883512,44,0.0035383916,45,0.0504882447,46,-0.1121523604,47,0.0149899144,48,-0.1594902575,49,0.0941775963,50,0.0212590639,51,0.1719077975,52,0.0830405727,53,-0.1811147779,54,-0.0933063924,55,-0.0254085325,56,0.0233749803,57,-0.0209511854,58,-0.0173947401,59,0.0954552144,60,0.0446723513,61,0.0728865638,62,-0.1666040421,63,0.1151028350,64,0.0713645890,65,0.0338718332,66,-0.0700554997,67,-0.1508482546,93,-1.0000000000
58,0,-0.1672921330,38,-0.1144084558,39,-0.1049771607,40,0.1806129515,41,-0.0554597415,42,-0.0567129925,43,0.0089571243,44,0.1415624022,45,-0.0926083699,46,0.0678341016,47,-0.1173497885,48,-0.0181737263,49,0.0096561667,50,-0.1341111660,51,0.1553239524,52,-0.0314549208,53,0.0783245042,54,0.0448470004,55,-0.1369374692,56,-0.1761384159,57,-0.0131166289,58,-0.0318401828,59,-0.0863577947,60,-0.0731145367,61,-0.1638713330,62,-0.1792910993,63,0.1019477993,64,0.0090740072,65,0.1617034078,66,-0.1774297208,67,0.0576701015,94,-1.0000000000
59,0,0.0768946186,38,0.0088105900,39,0.0679050535,40,0.1322164088,41,-0.1048324928,42,0.1162241176,43,-0.1015935615,44,0.0526710972,45,-0.1601543128,46,-0.1071313918,47,-0.0443425477,48,-0.1165273860,49,-0.0979697853,50,0.0687040538,51,-0.1150266528,52,-0.0758291557,53,0.0160844512,54,-0.1137523204,55,-0.0952153504,56,-0.0111347819,57,0.0720412508,58,0.0310416725,59,-0.0551910624,60,0.1821381301,61,-0.1778148264,62,-0.1224404350,63,0.1048460528,64,-0.0663957074,65,0.0203079246,66,-0.0134198405,67,-0.1343926042,95,-1.0000000000
60,0,0.0659608990,38,0.1402552724,39,-0.1319697350,40,-0.0224552583,41,0.1611011624,42,0.1313401759,43,-0.1182874292,44,0.0025567885,45,-0.0168454256,46,0.1777796894,47,-0.0774523318,48,0.0082044359,49,0.0522140339,50,0.0872957110,51,0.1166957095,52,0.1101981178,53,0.1824379861,54,-0.1378824562,55,0.1496188790,56,0.0912413150,57,-0.1529402733,58,-0.1050619781,59,-0.0656142384,60,0.1642940938,61,-0.1095776781,62,0.0799883306,63,-0.0847510919,64,0.0827962309,65,0.1898262501,66,-0.0096319187,67,0.0130808996,96,-1.0000000000
61,0,-0.1258502156,38,0.1576209217,39,-0.0641737208,40,-0.0997628346,41,-0.1491426080,42,0.1297672093,43,0.0180045050,44,0.1626645029,45,-0.0491014533,46,0.0035455958,47,-0.1505901068,48,0.1842213571,49,0.1293059736,50,-0.1124717370,51,0.0178635940,52,0.0225880090,53,0.0837263539,54,-0.0969448313,55,0.1387709975,56,-0.0757523105,57,-0.0614072271,58,0.1496831924,59,0.0106968777,60,-0.0843396410,61,-0.1596554816,62,-0.0260362644,63,-0.0914790258,64,0.1798249632,65,-0.1839793921,66,-0.0027126886,67,0.0782525539,97,-1.0000000000
62,0,0.0403575636,98,0.0194677580,99,0.0921733156,100,-0.0603698976,101,0.0593525730,102,-0.0385412239,103,0.1237439513,104,0.1502660364,105,-0.0128480643,106,-0.0311516039,107,0.0821254104,108,-0.1203879789,109,-0.1000651866,110,-0.0169850960,111,-0.0680606067,112,0.0583855174,113,0.1598635316,114,0.1186026782,115,0.1301109046,116,-0.0441007353,117,0.0185428709,118,-0.1022835374,119,0.0051962826,120,-0.0320640430,121,0.0619189516,122,-0.0631700456,123,0.0583960935,124,-0.1392968744,125,-0.1314381808,126,0.1076769456,127,-0.1210754216,128,-1.0000000000
63,0,0.1279667020,128,1.0000000000,129,-1.0000000000
64,0,0.0000000000,0,0.0000000000,1,0.0000000000,2,0.0000000000,3,0.0000000000,4,1.0000000000,5,0.0000000000,130,-1.0000000000
65,0,0.0000000000,0,0.0000000000,1,0.0000000000,2,0.0000000000,3,0.0000000000,4,0.0000000000,5,1.0000000000,131,-1.0000000000
66,0,-0.2343209535,130,0.0516703092,131,-0.3424147367,132,-1.0000000000
67,0,0.5142290592,130,0.6885144711,131,-0.6670575738,133,-1.0000000000
68,0,-0.6259305477,130,-0.5382918119,131,0.2251645029,134,-1.0000000000
69,0,-0.1943242997,130,0.3478234708,131,0.3574934900,135,-1.0000000000
70,0,0.1145874858,130,0.3263333440,131,0.5201513171,136,-1.0000000000
71,0,-0.6172074676,130,0.5897452831,131,-0.3320165575,137,-1.0000000000
72,0,0.2157787085,130,0.0628995076,131,-0.1799221784,138,-1.0000000000
73,0,0.5664876103,130,0.4955275655,131,0.1098323762,139,-1.0000000000
74,0,0.0565417558,130,0.0337883160,131,0.0046460093,140,-1.0000000000
75,0,-0.6688839197,130,-0.5192518234,131,0.0866447464,141,-1.0000000000
76,0,-0.0941228718,130,0.4292933941,131,0.3675796688,142,-1.0000000000
77,0,-0.0103913080,130,-0.3035072684,131,0.1442139894,143,-1.0000000000
78,0,-0.6257429123,130,0.5825408697,131,0.2329434901,144,-1.0000000000
79,0,-0.3062407970,130,0.0498834103,131,0.1358168274,145,-1.0000000000
80,0,-0.3565787077,130,0.2784451246,131,-0.4889134765,146,-1.0000000000
81,0,0.3853100836,130,-0.3191009760,131,0.4054429531,147,-1.0000000000
82,0,0.6339633465,130,-0.2626213133,131,-0.3181137741,148,-1.0000000000
83,0,0.3234538734,130,-0.5272017717,131,-0.5995970964,149,-1.0000000000
84,0,-0.5465751290,130,-0.1632212400,131,-0.5841460228,150,-1.0000000000
85,0,0.1380707026,130,0.1141088381,131,0.0382797606,151,-1.0000000000
86,0,0.4819642901,130,0.3719460368,131,0.2489459366,152,-1.0000000000
87,0,-0.1988051087,130,0.1169964746,131,-0.1247706413,153,-1.0000000000
88,0,0.5029896498,130,-0.3674564660,131,0.6396687627,154,-1.0000000000
89,0,-0.5505874753,130,-0.1900548935,131,-0.1776402444,155,-1.0000000000
90,0,0.6827123165,130,0.5110403299,131,0.2909809649,156,-1.0000000000
91,0,0.1972211450,130,0.6604725718,131,0.3632322848,157,-1.0000000000
92,0,0.4097780287,130,0.0104476633,131,-0.6801980138,158,-1.0000000000
93,0,0.2651447952,130,-0.4117502570,131,-0.3834622204,159,-1.0000000000
94,0,-0.3647415042,130,-0.1163815185,131,-0.4324666560,160,-1.0000000000
95,0,0.5063432455,130,-0.3681633472,131,0.5601892471,161,-1.0000000000
96,0,-0.1179265603,162,0.0446097441,163,0.1648460031,164,0.1012253612,165,-0.0336920992,166,-0.1415491849,167,-0.0808570608,168,-0.0761080235,169,-0.0127118407,170,0.0746519566,171,-0.1696291119,172,0.1399861127,173,-0.0971060991,174,-0.0177755393,175,0.0773084983,176,-0.0010286866,177,0.1444141418,178,0.0886358246,179,0.0669735521,180,0.0292242281,181,0.0018959726,182,0.0121593121,183,-0.0250289906,184,0.1112098619,185,0.1329858601,186,-0.0890827924,187,0.1071644053,188,0.0232396424,189,-0.0094643310,190,-0.0015299345,191,-0.0677834675,192,-1.0000000000
97,0,0.0450566672,162,0.0571035333,163,-0.1417044699,164,0.1706074923,165,-0.0656947866,166,0.0451046862,167,-0.0525897630,168,0.0676525012,169,0.0955811441,170,-0.0907143429,171,0.0466289446,172,-0.0925066918,173,-0.1287375093,174,0.1365125626,175,0.1624398679,176,0.0268456899,177,0.1542239636,178,0.1624203771,179,-0.1755264997,180,-0.0559427738,181,-0.1431569457,182,-0.0137653053,183,0.0550322942,184,-0.1605569273,185,0.0178513043,186,0.0012294673,187,-0.1381987631,188,-0.0830069035,189,-0.1151118577,190,0.0075249737,191,-0.0609739088,193,-1.0000000000
98,0,0.1149348840,162,-0.0479503386,163,-0.0052666729,164,-0.0930804759,165,0.0473200828,166,-0.1035183147,167,0.1191661134,168,0.1354905516,169,-0.0443324894,170,-0.1465524286,171,-0.0294850245,172,-0.0415110551,173,-0.0410722308,174,-0.0167277493,175,-0.0200620051,176,-0.0404452570,177,0.0911283791,178,0.0111535862,179,-0.0653417408,180,-0.0846980512,181,0.1505454332,182,0.1523394436,183,0.0787007511,184,-0.0570410676,185,-0.0202845074,186,-0.0419043154,187,0.1026587039,188,0.1135491803,189,-0.1060086712,190,-0.1688269377,191,-0.0548431985,194,-1.0000000000
99,0,-0.1230566129,162,0.2139106393,163,0.0650812462,164,0.1355450302,165,-0.0889829472,166,-0.0873983279,167,-0.0771057755,168,0.0254841466,169,0.1193226948,170,0.1129531562,171,0.0668835491,172,-0.1240532100,173,0.1609921604,174,0.1144369617,175,-0.0476001501,176,0.1709092706,177,-0.0917512923,178,-0.1496593952,179,-0.0358357057,180,0.0563342720,181,0.0159133505,182,0.0390224978,183,-0.0843213648,184,-0.0193978567,185,-0.0079051238,186,-0.0915568545,187,-0.0051642624,188,-0.0862568617,189,0.0508013703,190,-0.1603535116,191,0.1296374649,195,-1.0000000000
100,0,0.0820031911,162,0.0857481509,163,-0.1006037295,164,-0.1094967052,165,-0.0490108728,166,0.0436273329,167,-0.1448209137,168,0.0505656973,169,-0.1323145777,170,0.0702196807,171,0.1478755772,172,0.0849859491,173,0.0568918958,174,0.0899818316,175,0.0438250564,176,0.1838596761,177,0.0921033472,178,-0.1513667256,179,0.1381973624,180,0.0625041202,181,0.0166846327,182,-0.0371724106,183,0.1942663789,184,-0.0470498614,185,-0.1042187586,186,0.1859489083,187,0.0400294326,188,-0.0186103620,189,0.0988152474,190,-0.1422191709,191,0.0136096766,196,-1.0000000000
101,0,-0.1318779588,162,-0.0572469570,163,-0.1576869339,164,0.0760336742,165,0.1067387387,166,-0.0109850224,167,0.0752319768,168,-0.1023249403,169,-0.1354444027,170,0.1107965931,171,-0.0723732486,172,-0.0148934955,173,0.0136366775,174,-0.1071854904,175,0.1234359220,176,0.1612049788,177,-0.0213193838,178,0.1114185527,179,0.1216637492,180,-0.1052422598,181,0.1572173983,182,0.0967136472,183,0.0939091668,184,0.0950061902,185,0.1736364961,186,-0.1705104858,187,0.1188851297,188,0.0932490304,189,0.1415446699,190,-0.1438556165,191,-0.0496676974,197,-1.0000000000
102,0,-0.1356366724,162,0.0352125727,163,0.1415822655,164,0.1079424694,165,-0.1756292582,166,-0.0238879584,167,-0.0913588405,168,0.0997478962,169,0.0617053658,170,-0.0589618422,171,-0.1816801429,172,-0.0250720363,173,-0.0281622894,174,0.0016448486,175,-0.0429014452,176,-0.2066316158,177,0.0089859897,178,0.0998268649,179,0.1183035448,180,-0.0143574346,181,0.1233584359,182,0.0978671312,183,-0.1631640196,184,-0.1587605476,185,-0.1759434193,186,0.0126935598,187,0.1259001493,188,-0.1029815897,189,-0.1667174548,190,-0.0640095919,191,-0.0697537810,198,-1.0000000000
103,0,-0.0068691843,162,-0.1265422553,163,0.0906020552,164,-0.1843056828,165,0.1746114939,166,-0.1337925792,167,-0.1677437574,168,0.1047233418,169,0.0913402140,170,0.0166611690,171,0.0034202577,172,-0.1776243299,173,0.0269106850,174,-0.0583538041,175,-0.0813337937,176,0.1502058804,177,-0.0971321687,178,0.1665526032,179,-0.1356869191,180,-0.0071802302,181,0.0631309971,182,-0.0424775481,183,-0.0097754775,184,0.1531951874,185,-0.0072434344,186,-0.0631450415,187,0.0099508958,188,-0.1785450280,189,0.1024257690,190,-0.0484785512,191,0.1550923586,199,-1.0000000000
104,0,-0.0638661161,162,0.0532013252,163,0.1464513540,164,-0.0597483814,165,0.1756446362,166,0.1152410880,167,-0.0958790630,168,-0.1548499912,169,-0.0119329458,170,0.0832518339,171,0.0863536000,172,-0.0934068412,173,-0.0834764466,174,-0.0753405318,175,-0.0339450762,176,0.0524411574,177,-0.1318449676,178,-0.0790189207,179,0.1494675577,180,-0.0195389818,181,0.1052340269,182,0.1718155891,183,-0.1071755812,184,-0.1254959106,185,-0.0428811610,186,-0.0805236399,187,-0.1311828494,188,0.1174421534,189,0.0437322259,190,0.1592161208,191,-0.0009535528,200,-1.0000000000
105,0,0.0368841998,162,0.1480323970,163,0.0014507980,164,-0.1501538754,165,0.1584805101,166,-0.0525793098,167,-0.0760310963,168,-0.0865598023,169,0.1234856546,170,0.1496554315,171,-0.0044985949,172,-0.1345634460,173,0.0951936319,174,0.0049639931,175,0.1198397577,176,0.1329684705,177,0.0983512104,178,-0.1179362014,179,0.0738146976,180,0.0978634804,181,-0.1253059357,182,-0.0535865054,183,0.0309022386,184,0.0849108845,185,-0.0341006853,186,-0.0809458867,187,0.0360561423,188,-0.1334085912,189,0.0823644549,190,0.1134884655,191,-0.1730397046,201,-1.0000000000
106,0,-0.1683928519,162,0.1214385480,163,0.1169000119,164,-0.0057242783,165,-0.0010188670,166,-0.1360616088,167,0.1741119027,168,-0.0367759094,169,-0.1818333119,170,-0.1713345051,171,-0.1006382257,172,-0.1186110899,173,-0.0426903814,174,-0.0412985794,175,-0.0276816618,176,-0.0200042725,177,0.0142677864,178,-0.1513219625,179,-0.0499039777,180,0.1485642344,181,-0.0876996368,182,-0.1123852879,183,0.0376040787,184,-0.0030815974,185,-0.1608685702,186,0.0812506303,187,-0.0563597828,188,0.1313351244,189,-0.1197902560,190,0.0072555747,191,-0.1016395241,202,-1.0000000000
107,0,0.0327418521,162,-0.1482727528,163,-0.1697670519,164,-0.1123495251,165,-0.1041043401,166,-0.1690514982,167,-0.0594004542,168,0.0688503310,169,0.1529749483,170,-0.0458106957,171,0.0356405862,172,0.0391784124,173,-0.0164376460,174,-0.0912967324,175,0.0929471999,176,-0.0562738888,177,0.1257316321,178,0.0087942444,179,0.0911775976,180,0.0594660528,181,-0.0107371872,182,-0.1251025200,183,-0.0743662268,184,-0.1185602322,185,0.0077661313,186,0.0640539750,187,-0.1148365214,188,-0.1506036222,189,-0.1448889077,190,0.0300450958,191,0.1802756339,203,-1.0000000000
108,0,-0.1250229627,162,0.1562425643,163,-0.0270302724,164,-0.0571567491,165,-0.0257747769,166,-0.0548059046,167,-0.0941490531,168,0.0388750359,169,0.0337377116,170,-0.0495427698,171,0.1675040871,172,0.0510911047,173,-0.0149406549,174,-0.0224003214,175,0.0312539786,176,0.1534857601,177,0.1748506725,178,-0.0251604170,179,-0.1290473938,180,-0.0041260133,181,0.1652734876,182,0.1456870437,183,-0.0228301827,184,-0.1176901013,185,-0.0735932216,186,-0.0830272734,187,-0.1697920412,188,0.1228328943,189,0.0386238508,190,0.0799160525,191,0.0533003397,204,-1.0000000000
109,0,0.0244780108,162,0.0555118322,163,-0.0394121073,164,0.1590820849,165,0.1003455520,166,0.0786724240,167,0.0127523970,168,0.2111390084,169,0.0011051971,170,0.0431212299,171,0.0546115376,172,-0.0639282838,173,-0.0469820835,174,0.1623123884,175,0.0016825261,176,-0.0846787617,177,-0.0174088236,178,-0.0370525382,179,-0.0649624467,180,0.0771004781,181,-0.1720760018,182,-0.1388956308,183,-0.1060280353,184,-0.0786857083,185,-0.0868297964,186,-0.1482907534,187,0.0941130891,188,0.1255173385,189,-0.1038937196,190,-0.0302092880,191,-0.0205460638,205,-1.0000000000
110,0,-0.0544957109,162,-0.2068233043,163,0.0646931082,164,-0.0811823830,165,-0.1371126920,166,0.0250021089,167,0.0451308005,168,0.0316171795,169,0.0409750789,170,0.0981752649,171,-0.0661297664,172,0.0083456477,173,-0.1715115458,174,0.1089866683,175,0.0779348835,176,0.0865720063,177,0.1569681168,178,-0.0623549670,179,-0.1098391861,180,-0.0804658383,181,0.0926364213,182,0.0050155683,183,0.0244638473,184,0.1807293445,185,-0.1436774731,186,-0.0227938928,187,0.1008128598,188,0.1286675334,189,-0.0385625623,190,-0.0335392579,191,-0.0273119789,206,-1.0000000000
111,0,-0.1414891779,162,-0.1491661072,163,-0.0774854645,164,0.0575901382,165,-0.0457176119,166,0.0080856504,167,0.0658045560,168,0.1534332782,169,0.1565504074,170,0.0769610927,171,0.1220609173,172,-0.0981264114,173,-0.1833510399,174,-0.0723958835,175,0.1698919535,176,-0.0992290974,177,0.1097897217,178,0.1024650559,179,0.0969468504,180,-0.1072633415,181,-0.1318105906,182,-0.0830365941,183,-0.0505244024,184,0.1559719592,185,0.1325142533,186,0.0682816431,187,0.1077091917,188,0.0708486810,189,-0.1643927395,190,0.0799881890,191,0.0385652371,207,-1.0000000000
112,0,0.0240731128,162,0.1491685063,163,0.0779283270,164,0.0758332014,165,0.0237319972,166,-0.1020679250,167,-0.1603734642,168,-0.0217692144,169,0.1461244375,170,-0.0252896324,171,0.0764727816,172,-0.0908004269,173,0.0195516180,174,-0.0395897962,175,-0.0573306791,176,-0.1408468634,177,0.0191465244,178,-0.1621159911,179,-0.1222601160,180,0.0704957321,181,0.1373272240,182,0.1428094506,183,0.0658078566,184,-0.1065070331,185,0.0853384733,186,0.0152139412,187,0.1326447725,188,-0.0535143465,189,-0.0705990046,190,0.0342754498,191,0.1139870360,208,-1.0000000000
113,0,0.0677989945,162,-0.0548000932,163,0.0382239483,164,0.1536992192,165,0.0572690852,166,-0.0091111949,167,0.0946064815,168,-0.1244497374,169,0.0578577183,170,0.0888995230,171,0.0162901264,172,-0.1424880624,173,0.0065333853,174,-0.1478276402,175,0.1538967341,176,0.1456368566,177,0.0991431996,178,0.1483706236,179,0.0497713648,180,0.1051374301,181,0.1793108284,182,-0.0450952537,183,0.1133791432,184,-0.0824861005,185,0.0409964398,186,-0.1551943123,187,-0.1016843989,188,-0.0722207427,189,0.1261363626,190,-0.1682336479,191,-0.0822684988,209,-1.0000000000
114,0,-0.0269282684,162,-0.1248472556,163,0.0955298766,164,-0.0735459775,165,0.0313924775,166,-0.1006469727,167,0.0785543174,168,-0.0410175733,169,-0.1701732576,170,-0.0301439688,171,-0.0189816765,172,-0.1104168519,173,0.0423771292,174,0.1444753855,175,-0.1325798631,176,0.0048162257,177,0.0790391564,178,-0.0250507444,179,-0.0163393132,180,-0.0645674393,181,0.0778830871,182,-0.0271691978,183,-0.1572695225,184,-0.1505110264,185,0.0549256206,186,0.0528656282,187,0.1248772070,188,-0.0913960859,189,0.0725325868,190,-0.1594319791,191,0.1819274276,210,-1.0000000000
115,0,-0.0116560636,162,0.1996816993,163,0.1175542921,164,0.0396229476,165,0.0602298751,166,0.0940943733,167,0.1545525938,168,-0.0100937067,169,0.0061674947,170,0.1821669638,171,-0.0619153865,172,0.0959646776,173,0.0773918033,174,-0.1028768867,175,0.0162128061,176,0.0928391144,177,-0.1004137620,178,0.0908329934,179,-0.1003910676,180,-0.0818501711,181,0.1640658379,182,0.1391967535,183,-0.1598407030,184,0.0390762873,185,0.0421490781,186,-0.0460373610,187,-0.1235021725,188,-0.0992869437,189,-0.1044505462,190,0.1235430911,191,0.1547208875,211,-1.0000000000
116,0,0.0762667507,162,-0.0384240076,163,-0.1496086717,164,-0.0561048239,165,-0.1441955119,166,0.0841852576,167,0.1745192409,168,-0.0580571033,169,0.1669794917,170,0.0350668952,171,-0.0009695666,172,-0.1301530451,173,0.1157731786,174,-0.0163202472,175,-0.1614281088,176,0.0486116856,177,-0.1356522292,178,0.0833236650,179,0.1392774880,180,-0.0249741990,181,0.1408358663,182,0.1821030676,183,-0.1790162027,184,0.1342898607,185,0.1193411872,186,0.0147703951,187,-0.1405095756,188,-0.0228795148,189,-0.0249022450,190,-0.1005580202,191,0.0315608233,212,-1.0000000000
117,0,-0.0403126925,162,0.1483672708,163,0.0611057058,164,0.0913145915,165,-0.0736606717,166,-0.0637578666,167,-0.1096044853,168,0.0241348930,169,-0.0217180923,170,0.0093995165,171,0.1136189327,172,0.0539879985,173,0.1450026929,174,-0.1151712611,175,-0.0414129794,176,0.1751149446,177,0.0922620744,178,0.0918756947,179,-0.0066068871,180,-0.1353838295,181,0.1718755811,182,-0.0593848042,183,-0.1696783006,184,-0.0490227714,185,0.1183774546,186,0.0936455801,187,-0.1321389824,188,0.1689931303,189,0.0611000024,190,0.1767733246,191,-0.1392377913,213,-1.0000000000
118,0,0.1025435477,162,-0.1086896062,163,-0.1022844985,164,0.1580053270,165,0.0847910643,166,0.0892253295,167,-0.1730002761,168,-0.1439184099,169,0.0510904156,170,0.0193093885,171,0.1706434786,172,0.1604322493,173,-0.0386283547,174,0.0877678096,175,-0.0741027445,176,-0.0807460174,177,0.1125093549,178,-0.0361847654,179,0.1388988048,180,-0.1273280978,181,-0.1765004098,182,-0.0104732979,183,0.0359365940,184,-0.1377464235,185,-0.1394414157,186,-0.1249743775,187,-0.0037961712,188,-0.0337305516,189,0.0954277515,190,0.1704034954,191,0.1633448452,214,-1.0000000000
119,0,0.0977515727,162,-0.0460922867,163,0.0486818552,164,-0.0802935809,165,-0.1516695172,166,0.0197329931,167,-0.1091482043,168,-0.0902497470,169,0.1821904927,170,0.0616657063,171,-0.0488764718,172,0.1464429200,173,0.0206991863,174,-0.1804833561,175,0.0856074393,176,0.0034178596,177,0.1107237637,178,0.0451228954,179,-0.0428816043,180,0.1365202814,181,0.1469217092,182,0.1447234750,183,-0.1532579362,184,-0.0563296080,185,0.1068070605,186,-0.0543173663,187,-0.1664773971,188,0.1454199404,189,0.0859396085,190,-0.0613377579,191,-0.1768854707,215,-1.0000000000
120,0,-0.0901797563,162,0.0487926602,163,0.1423308998,164,-0.0625597686,165,-0.0806506351,166,-0.0789552182,167,-0.0349675454,168,0.0659517795,169,0.0934063271,170,-0.0393188410,171,-0.1105591804,172,-0.0277366862,173,0.1038615778,174,0.1361787468,175,-0.1845917404,176,-0.0117406547,177,0.0213716663,178,-0.1027097329,179,0.1051246598,180,-0.1276280284,181,-0.1064151824,182,-0.1280870140,183,0.0271655191,184,0.1349191964,185,-0.0856267363,186,-0.0076178783,187,-0.1141271070,188,0.0600986443,189,0.0400664918,190,-0.0530452169,191,-0.1707126796,216,-1.0000000000
121,0,0.0165750459,162,-0.1260540336,163,-0.0232392382,164,0.0738008320,165,0.0220483262,166,-0.0058393171,167,-0.1041444466,168,-0.1621773988,169,-0.1773772240,170,-0.0440385193,171,-0.1713680178,172,0.1482618004,173,-0.0915162489,174,-0.1395684630,175,-0.1011770740,176,-0.0540549755,177,0.0181347802,178,-0.0364685729,179,0.1684858948,180,0.1501248032,181,-0.0766105652,182,-0.1320927888,183,-0.0375692286,184,-0.0348174088,185,0.1767889112,186,0.0083519462,187,0.0262970906,188,-0.0694529265,189,0.1027601808,190,0.1755552441,191,-0.1310515553,217,-1.0000000000
122,0,-0.0951789171,162,-0.1465027481,163,-0.1304870099,164,-0.1422507465,165,0.0091694221,166,-0.0841960758,167,0.0145503124,168,-0.1821524352,169,-0.0359136201,170,0.1633687764,171,0.1699094027,172,-0.1777321398,173,-0.0277824774,174,-0.1410707980,175,0.0491900332,176,0.0790788606,177,0.1079379618,178,-0.1743853241,179,-0.1359761506,180,-0.1347963214,181,-0.0733749643,182,-0.1108745039,183,-0.0620132871,184,0.1245615259,185,-0.0879351348,186,0.0172678549,187,-0.0063819070,188,-0.1161356419,189,0.0237098318,190,0.1680154055,191,-0.0575453751,218,-1.0000000000
123,0,-0.0851648152,162,-0.0171443298,163,-0.0896210447,164,0.1094501242,165,-0.0120648583,166,-0.1400193423,167,0.1646068394,168,0.0252777394,169,-0.0323961042,170,-0.1004314199,171,0.0203333199,172,0.0423385538,173,-0.0651481152,174,0.1008532420,175,-0.0626996532,176,0.0355531834,177,0.0539834015,178,0.0597558692,179,-0.1139327213,180,0.1442807168,181,-0.1788059324,182,0.0633237809,183,-0.1748861670,184,0.0572611950,185,0.1496219635,186,0.1266469061,187,0.0770226195,188,0.0055646468,189,0.0596927293,190,0.1676700711,191,0.0542072654,219,-1.0000000000
124,0,-0.0180120934,162,-0.0953485742,163,-0.0069946875,164,-0.1087767035,165,-0.1501628458,166,0.0248974357,167,0.0877969936,168,0.0326744914,169,-0.0570215248,170,0.1709024459,171,0.0058711148,172,0.0993203595,173,0.0273974407,174,-0.1730002016,175,-0.1488410681,176,0.0087074917,177,-0.1509783566,178,0.0704873726,179,-0.0376859717,180,-0.0087301051,181,0.0538061187,182,-0.1103055328,183,0.1538958102,184,0.1321891844,185,-0.1210194081,186,0.1266755611,187,0.0185384247,188,-0.0853023008,189,-0.1279843897,190,-0.1662985981,191,-0.0020302616,220,-1.0000000000
125,0,-0.1773880422,162,0.2287866771,163,0.1727171987,164,-0.0273430906,165,0.1275516152,166,-0.1493609399,167,-0.0589302108,168,-0.1393693984,169,0.1328211576,170,-0.1100407615,171,-0.0840036571,172,0.1072886288,173,-0.0545088798,174,0.1477216035,175,0.0236999616,176,0.1574734896,177,0.0225803182,178,-0.0702093095,179,0.0077248877,180,0.0369378552,181,-0.0526655167,182,0.0110665970,183,0.0192304309,184,0.1245160177,185,0.1212180182,186,0.0878087357,187,-0.1610423028,188,-0.1268970668,189,-0.1418006122,190,0.0694236532,191,-0.0903572515,221,-1.0000000000
126,0,-0.0070452131,222,-0.0627132654,223,0.0863348767,224,0.1331065893,225,0.0869855881,226,0.0547318459,227,0.1294298917,228,-0.0699085370,229,0.0900267884,230,-0.1536262631,231,0.2293331027,232,-0.0998108536,233,-0.1748947352,234,0.1607211232,235,-0.1570667922,236,-0.0322044678,237,-0.1341458708,238,0.1334251314,239,-0.1664500237,240,-0.0713577569,241,0.0716935843,242,0.0433867797,243,0.0315019973,244,0.0631477833,245,-0.0612919442,246,-0.1473305970,247,0.0068829046,248,0.1448811144,249,-0.0924406052,250,0.1557192951,251,0.0127780596,252,-1.0000000000
127,0,0.1179761291,252,1.0000000000,253,-1.0000000000
128,0,0.0000000000,0,1.0000000000,1,0.0000000000,2,0.0000000000,3,0.0000000000,4,0.0000000000,5,0.0000000000,254,-1.0000000000
129,0,0.0000000000,0,0.0000000000,1,1.0000000000,2,0.0000000000,3,0.0000000000,4,0.0000000000,5,0.0000000000,255,-1.0000000000
130,0,0.0000000000,0,0.0000000000,1,0.1000000015,2,1.0000000000,3,-0.1000000015,4,0.0000000000,5,0.0000000000,256,-1.0000000000
131,0,0.0000000000,0,0.0000000000,1,0.0000000000,2,0.0000000000,3,1.0000000000,4,0.0000000000,5,0.0000000000,257,-1.0000000000
132,0,0.0000000000,0,0.0000000000,1,0.0000000000,2,0.0000000000,3,0.1000000015,4,1.0000000000,5,-0.1000000015,258,-1.0000000000
133,0,0.0000000000,0,0.0000000000,1,0.0000000000,2,0.0000000000,3,0.0000000000,4,0.0000000000,5,1.0000000000,259,-1.0000000000
134,0,0.0000000000,0,0.0000000000,1,1.0000000000,2,0.0000000000,3,0.0000000000,4,0.0000000000,5,0.0000000000,260,-1.0000000000
135,0,0.0000000000,0,0.0000000000,1,0.0000000000,2,0.0000000000,3,1.0000000000,4,0.0000000000,5,0.0000000000,261,-1.0000000000
136,0,0.0000000000,0,0.0000000000,1,0.0000000000,2,0.0000000000,3,0.0000000000,4,0.0000000000,5,1.0000000000,262,-1.0000000000
137,0,0.0000000000,0,1.0000000000,1,0.0000000000,2,0.0000000000,3,0.0000000000,4,0.0000000000,5,0.0000000000,263,-1.0000000000
138,0,0.0000000000,0,0.0000000000,1,0.0000000000,2,1.0000000000,3,0.0000000000,4,0.0000000000,5,0.0000000000,264,-1.0000000000
139,0,0.0000000000,0,0.0000000000,1,0.0000000000,2,0.0000000000,3,0.0000000000,4,1.0000000000,5,0.0000000000,265,-1.0000000000
140,0,0.1713914573,260,-0.2611570358,261,-0.0725375563,262,-0.3812113404,263,0.3093984723,264,0.2761543393,265,-0.0128369126,266,-1.0000000000
141,0,-0.0002158089,260,0.0220695455,261,-0.5074371696,262,0.1884487122,263,0.2234993279,264,-0.1135116518,265,0.0687871203,267,-1.0000000000
142,0,0.0524534583,260,-0.6594356894,261,0.1649311632,262,0.5524230599,263,-0.1772140712,264,0.0077360943,265,0.1824157983,268,-1.0000000000
143,0,0.1516365558,260,-0.3280264437,261,0.2837569714,262,0.4216009676,263,0.0892129913,264,-0.0544262305,265,-0.2658646405,269,-1.0000000000
144,0,0.4734483659,260,0.0972911865,261,-0.1139094159,262,-0.3182577193,263,-0.0990521237,264,-0.2452444583,265,-0.3275696635,270,-1.0000000000
145,0,0.0794451684,260,0.5750792623,261,-0.1088813096,262,0.2207489163,263,0.1310609728,264,0.0112628881,265,0.1094100177,271,-1.0000000000
146,0,0.3293029368,260,-0.1792368889,261,0.2848296165,262,-0.2475475967,263,-0.7493956089,264,-0.0016203022,265,-0.1918766499,272,-1.0000000000
147,0,0.3693328798,260,0.1607269049,261,-0.4445107579,262,-0.3115228713,263,-0.2551506460,264,-0.0826675743,265,-0.0260527246,273,-1.0000000000
148,0,0.0288181566,260,-0.2214090824,261,0.0780975968,262,-0.2782002687,263,-0.1295420676,264,0.0032758056,265,0.0625665113,274,-1.0000000000
149,0,0.0373132788,260,0.2286246866,261,0.1140321121,262,-0.2023260295,263,-0.0250147488,264,-0.2131636739,265,-0.2541291416,275,-1.0000000000
150,0,0.0257288497,260,0.4833613336,261,-0.0715520307,262,0.1952409595,263,0.1267468333,264,0.1834881753,265,0.1285017133,276,-1.0000000000
151,0,0.0437031277,260,-1.1078641415,261,-0.2563698590,262,0.4696203172,263,-0.2319640219,264,-0.0879232883,265,-0.2331402153,277,-1.0000000000
152,0,0.1282722950,260,0.3512238562,261,-0.3352868855,262,-0.2497050613,263,-0.2066623867,264,0.1682680398,265,-0.0740731284,278,-1.0000000000
153,0,0.1904621422,260,-0.0454364978,261,0.2326719910,262,-0.0429827236,263,-0.3099443614,264,-0.0414472707,265,0.1350712329,279,-1.0000000000
154,0,0.2027604133,260,0.0877488703,261,-0.4478468001,262,-0.3347392976,263,0.0174897965,264,0.3271493614,265,-0.0018733446,280,-1.0000000000
155,0,-0.0680848211,260,-0.0976397917,261,0.2045270205,262,0.0898969248,263,0.3321442306,264,0.4378650486,265,-0.1248706877,281,-1.0000000000
156,0,-0.3070614636,260,0.7009757757,261,-0.5574682951,262,-0.7613070607,263,0.4058226645,264,0.0089897560,265,0.1001321748,282,-1.0000000000
157,0,0.0929748714,260,0.1365339905,261,-0.5135829449,262,-0.2402737141,263,0.2902008295,264,-0.1893167794,265,-0.3394728005,283,-1.0000000000
158,0,0.2000051141,260,-0.3408143818,261,-0.1090318412,262,-0.2023724467,263,-0.2453116328,264,0.0399807431,265,-0.0952165127,284,-1.0000000000
159,0,0.0784246847,260,0.2006343305,261,-0.5740944743,262,-0.4135918617,263,-0.2724688053,264,0.0062505621,265,-0.1515737027,285,-1.0000000000
160,0,0.2793267965,260,0.4077624083,261,0.1068318337,262,-0.5462603569,263,-0.0651156232,264,-0.1199737638,265,-0.2574781775,286,-1.0000000000
161,0,-0.5824332237,260,-0.1297064424,261,-0.2203955948,262,-0.2254728228,263,0.5869917870,264,0.0720834285,265,0.2808516324,287,-1.0000000000
162,0,0.2164214551,260,0.4398480356,261,0.4535886943,262,0.2076970339,263,-0.4318249822,264,-0.0142739695,265,-0.0002252916,288,-1.0000000000
163,0,0.0829768479,260,-0.5011237860,261,-0.5024133921,262,-0.4454442859,263,-0.4450863898,264,-0.4978951812,265,-0.1302576214,289,-1.0000000000
164,0,-0.0390649512,260,0.2750189900,261,-0.0439383723,262,0.1333679110,263,-0.2849050462,264,-0.1861801445,265,-0.1671794504,290,-1.0000000000
165,0,-0.0408055000,260,0.0547103547,261,0.1732500196,262,-0.0574338548,263,-0.0308445059,264,0.0157277882,265,0.6051368713,291,-1.0000000000
166,0,-0.1320297569,260,-0.1668566763,261,-0.0365224816,262,0.0796558410,263,0.2175114453,264,-0.1838213205,265,0.1131704077,292,-1.0000000000
167,0,-0.1734398007,260,0.1879616082,261,0.0716284737,262,0.2791849673,263,0.5883248448,264,0.0053162035,265,0.1631569862,293,-1.0000000000
168,0,0.1301654577,260,0.2293293625,261,0.3831071258,262,-0.1834708899,263,0.1638743281,264,-0.0966692939,265,-0.2592779994,294,-1.0000000000
169,0,-0.4266661108,260,-0.1062986776,261,0.4637345970,262,0.3046413362,263,-0.0909836665,264,0.3814322948,265,-0.1114701107,295,-1.0000000000
170,0,-0.1730704308,296,-0.3537292778,297,-0.3791288137,298,-0.5932903886,299,-0.0645396262,300,0.0250859708,301,-0.0558850169,302,0.0379835106,303,0.2164832652,304,0.3475574553,305,0.0323865376,306,-0.2679659724,307,-0.2634989321,308,-0.1831368357,309,-0.3468385637,310,-0.2183532417,311,0.1670030951,312,0.3168107271,313,0.2509782016,314,0.0192236658,315,0.0876741186,316,-0.1899464875,317,0.1146912873,318,-0.0861849785,319,-0.3176614940,320,0.2081069797,321,0.3166839778,322,0.0196433496,323,0.1542298049,324,-0.3756645918,325,0.4697297215,326,-1.0000000000
171,0,-0.1280944645,296,0.0951646641,297,-0.3802199960,298,-0.2801676095,299,-0.0516669601,300,0.0029602724,301,0.1603080481,302,0.1944701076,303,-0.1540133506,304,-0.4108124971,305,-0.0500812382,306,0.0093353894,307,-0.3607045412,308,0.2755150497,309,0.4335148633,310,0.2973903418,311,-0.2098694444,312,-0.1153272316,313,0.3954820931,314,-0.2209645212,315,0.3479358256,316,-0.0192779806,317,0.3637640774,318,-0.0444080532,319,0.1972491294,320,-0.1307047755,321,-0.1032415181,322,-0.4703050852,323,0.4200957119,324,-0.4212157726,325,-0.2364684641,327,-1.0000000000
172,0,-0.0352888741,296,-0.4744764268,297,0.2300648987,298,-0.0419445783,299,-0.1038993895,300,0.2345600128,301,0.1301680356,302,-0.1826670319,303,0.1283830255,304,0.1494730711,305,0.4490100741,306,0.1021269783,307,-0.0722901225,308,-0.2049214244,309,0.3556962907,310,-0.0354148522,311,0.2652199566,312,-0.3853747845,313,-0.4480044842,314,0.0635625944,315,-0.0910454467,316,0.1202062070,317,0.0821211413,318,0.1386011839,319,-0.0332652889,320,-0.3711981773,321,-0.5217286944,322,-0.5100283623,323,-0.0256302208,324,0.2902251482,325,0.1954180300,328,-1.0000000000
173,0,0.2592291534,296,0.3657134175,297,-0.4427367151,298,0.0743845403,299,-0.3296759725,300,0.2729655504,301,-0.0752571970,302,0.4100833237,303,0.0009662520,304,-0.0907771438,305,0.2841937244,306,0.3319947720,307,0.2582808733,308,0.3850502074,309,0.2824951112,310,-0.1541212201,311,-0.2228968292,312,-0.3028498888,313,0.0162046272,314,-0.2355098426,315,0.1202468202,316,-0.0821669251,317,-0.2396755815,318,0.1979656070,319,-0.2663735449,320,-0.0694509223,321,0.1267516762,322,0.2061915100,323,0.0183037985,324,0.2166519463,325,0.0477348678,329,-1.0000000000
174,0,-0.0141497664,296,0.0023883220,297,0.1041099727,298,-0.3472801149,299,-0.5360920429,300,-0.2171715051,301,0.4106594920,302,0.0771145374,303,-0.2134957314,304,-0.0968151465,305,-0.1320717782,306,-0.2826481164,307,0.1995576024,308,-0.1494448930,309,0.0021293266,310,0.2110717446,311,0.0815369263,312,0.1716403216,313,0.0150587987,314,-0.3145494759,315,0.2063073367,316,-0.0267802346,317,-0.1355301440,318,0.0718558431,319,-0.1862879097,320,0.3167914450,321,0.1953949481,322,0.5552780032,323,-0.1487688124,324,0.2037232965,325,-0.0768517703,330,-1.0000000000
175,0,-0.0247963406,296,0.4476942420,297,-0.0799444690,298,0.1221670285,299,0.0669602603,300,0.4114618003,301,-0.2065285891,302,0.4039636254,303,0.2623836100,304,-0.0811344460,305,-0.3114812672,306,0.1074090526,307,0.1157128438,308,0.0252750851,309,-0.1641238481,310,-0.2841395736,311,-0.1748679280,312,0.1607281417,313,-0.0973631591,314,0.1216660365,315,0.2930548489,316,-0.0742789060,317,-0.2872107327,318,0.0939438641,319,-0.0458434001,320,-0.1696496606,321,-0.1500003934,322,0.1892559975,323,0.4716320336,324,0.2647888660,325,-0.0062798616,331,-1.0000000000
176,0,-0.0258210916,296,0.3924188018,297,-0.1262489110,298,-0.3796786070,299,-0.0676058084,300,-0.0280906577,301,-0.1136869565,302,0.0467393063,303,0.0186450668,304,-0.3817772567,305,0.4995356798,306,-0.2875565588,307,0.0345877707,308,-0.3672169447,309,-0.5097463131,310,0.2469625473,311,-0.1499852985,312,-0.1504019499,313,0.0886504725,314,-0.0033830050,315,-0.0773817450,316,0.2764649391,317,-0.1603182554,318,-0.0160847735,319,-0.0604964681,320,-0.0734037682,321,0.0145713529,322,-0.4063380063,323,-0.0345237032,324,0.1166850477,325,-0.0665584728,332,-1.0000000000
177,0,0.0259675235,296,0.0872562900,297,-0.0335880518,298,-0.1143829226,299,0.3952688873,300,-0.0418637097,301,0.2396241724,302,0.5161194205,303,0.1041808873,304,0.1069455594,305,-0.4512467384,306,-0.2221334130,307,-0.2029565871,308,0.3409645855,309,-0.0301798172,310,-0.3470810652,311,-0.2417501360,312,0.0722790137,313,-0.1803463846,314,-0.1062657982,315,-0.2240406275,316,-0.3451524973,317,-0.1184315160,318,0.4272651672,319,-0.1543817371,320,0.0699578971,321,-0.3230737448,322,-0.0970812812,323,-0.5732737184,324,-0.0462570153,325,0.1011996716,333,-1.0000000000
178,0,-0.0225911811,296,0.5696629882,297,0.0482148379,298,0.6474909186,299,0.3066507876,300,-0.0276342556,301,-0.4193117917,302,-0.2128812969,303,-0.5636114478,304,0.1538433433,305,0.0696110874,306,0.0052940771,307,-0.1947812140,308,-0.2166343182,309,-0.6900763512,310,-0.4403398633,311,0.0600537546,312,0.5739135146,313,0.0670990497,314,0.1243551224,315,0.1262302548,316,-0.4305880964,317,0.2548548877,318,0.5285524130,319,0.2697995901,320,-0.1143568456,321,-0.0636485741,322,-0.3594030738,323,0.1035639346,324,-0.0410393886,325,-0.0398236737,334,-1.0000000000
179,0,-0.0000000000,296,-0.2241914272,297,-0.2909159064,298,-0.1620175689,299,0.0548865385,300,0.3543682396,301,-0.1071367711,302,-0.0797533542,303,-0.5023915768,304,0.0007229477,305,-0.4108929038,306,0.4214677513,307,-0.3039716482,308,-0.2007997483,309,-0.0284885429,310,-0.3183598816,311,-0.0272789001,312,-0.0438907817,313,0.1642116159,314,0.2487863749,315,0.0626234859,316,0.0798575059,317,-0.4209762812,318,-0.2600252330,319,-0.3358923197,320,-0.3830472827,321,0.0837015882,322,-0.2965345681,323,-0.1881578118,324,-0.0378102809,325,-0.3474098146,335,-1.0000000000
180,0,-0.1287206858,296,-0.0403134190,297,0.6339060664,298,-0.4164718091,299,-0.2609502673,300,0.2403925359,301,-0.5252403021,302,-0.3540426791,303,0.1935410649,304,-0.1540513784,305,-0.0939371586,306,-0.2230262607,307,0.4261366427,308,0.4319287837,309,-0.2976341248,310,-0.1092638820,311,0.4088782966,312,-0.3614798486,313,-0.1542148888,314,-0.1316841096,315,0.3597626984,316,0.1811302006,317,0.1693016291,318,0.2623544037,319,-0.2316202819,320,0.1084384844,321,0.1835554242,322,-0.6780185103,323,-0.0719366670,324,-0.0386882238,325,-0.1135939136,336,-1.0000000000
181,0,0.0774357244,296,0.4532886446,297,0.2748499513,298,-2.4905452728,299,-0.2630311251,300,0.1473968923,301,-0.2209766954,302,-0.2493377477,303,0.5870659351,304,-0.1511214226,305,0.1631414294,306,-0.0926118866,307,-0.1688447744,308,-0.2990005612,309,-0.6892080903,310,-0.3590153456,311,-0.0182698481,312,0.4875936508,313,0.2249644697,314,0.1544353813,315,0.4270446002,316,-0.0944231898,317,0.0136448890,318,-0.7004294991,319,-0.3363747597,320,-0.1426967382,321,-0.3383286297,322,0.2702517211,323,-0.1056896150,324,0.1677143276,325,0.0652496368,337,-1.0000000000
182,0,-0.1588684171,296,-0.3462376893,297,0.0043965704,298,-0.1235591769,299,0.3885352314,300,0.0471105017,301,0.3175835907,302,-0.0663316250,303,-0.1930448860,304,-0.5779713988,305,0.1326913983,306,-0.3730614781,307,0.3840232491,308,0.6263946295,309,0.1644148678,310,-0.2003587186,311,0.0840842724,312,-0.2151887417,313,0.0840668231,314,0.1388958544,315,-0.1861955225,316,0.3388872445,317,0.3292165399,318,0.2188806683,319,-0.2830812931,320,-0.1268875152,321,0.4034489393,322,0.2083899230,323,0.1470512450,324,-0.1136599556,325,0.0825145245,338,-1.0000000000
183,0,0.1313695759,296,0.1650762558,297,0.2353888452,298,0.0299959946,299,0.1778057069,300,0.1171369553,301,0.1244219467,302,-0.1992870122,303,0.0259681232,304,0.4132187963,305,0.0399254523,306,-0.9138583541,307,0.1422756165,308,-0.1527941078,309,0.4604000151,310,-0.2370700091,311,-0.2795351446,312,0.4298999906,313,0.1149684563,314,-0.1681248248,315,0.1873008162,316,0.0825738311,317,-0.2097556591,318,-0.0150510632,319,0.0043338654,320,-0.3174594343,321,0.2428226918,322,-0.2859131992,323,-0.0399136655,324,0.2000115812,325,0.0850895122,339,-1.0000000000
184,0,-0.0079341484,296,0.0584985204,297,-0.5365946293,298,-0.7175429463,299,-1.7230159044,300,-0.1811765581,301,-0.3372019529,302,0.1409325749,303,-0.0863883719,304,0.3617676198,305,0.0445413180,306,0.1698228270,307,-0.1320279390,308,-0.7271531224,309,0.0299375616,310,0.2405590266,311,-0.0407038555,312,-1.1210954189,313,0.2801212072,314,0.1297752708,315,-0.0074699381,316,-0.1981541961,317,0.1516195238,318,0.4648635983,319,-0.2103299052,320,-0.1845627725,321,0.0077328160,322,-0.2208302319,323,0.0131159630,324,-0.6892907619,325,-0.0891966969,340,-1.0000000000
185,0,0.0293227434,296,-0.2048021108,297,-0.1449461877,298,-0.0806912333,299,0.1514887065,300,-0.2722879648,301,-0.0213669036,302,-0.1469313651,303,0.2626848221,304,-0.0180184655,305,-0.2453678548,306,0.2796180546,307,0.6168153882,308,-0.1660648286,309,0.1572448015,310,-0.1383862495,311,-0.1939000785,312,-0.5629444718,313,-0.0839618668,314,0.0732836723,315,-0.0601677932,316,-0.4665376842,317,-0.0880628079,318,-0.3226798773,319,0.1694633663,320,0.4581203759,321,0.1059203595,322,-0.3997532129,323,-0.1282097399,324,0.0992112681,325,0.0083219344,341,-1.0000000000
186,0,0.0552399307,296,0.2500098646,297,-0.1771265566,298,-0.1976651251,299,0.0166007914,300,-0.0216470622,301,-0.3761492074,302,-0.0568785444,303,-0.5630512238,304,-0.2325149029,305,0.0724708065,306,-0.4482219815,307,-0.2909913063,308,-0.1453384459,309,0.2264251411,310,-0.1137392744,311,-0.0401987918,312,-0.3071516156,313,-0.3884472549,314,0.1818959564,315,0.1711490601,316,-0.1512414217,317,-0.2644255459,318,-0.1378031969,319,-0.0680994168,320,0.5028421283,321,-0.5721130967,322,0.1539846212,323,0.1980291754,324,-0.0067083086,325,0.0590816922,342,-1.0000000000
187,0,-0.0704054758,296,0.1826456338,297,0.5726016164,298,-1.3576352596,299,-0.0310819726,300,-0.0999890566,301,-0.0631406754,302,0.4229391515,303,0.2741870284,304,-0.0009446223,305,0.1864749640,306,-0.0027928045,307,-0.0816330835,308,-0.2255820632,309,-0.3262892067,310,-0.2687712014,311,-0.3594647944,312,-1.1357178688,313,-0.7793459296,314,0.0856759846,315,-0.0483265817,316,-0.2873880267,317,-0.1364703029,318,-0.4683416784,319,-0.0657102168,320,0.2273256928,321,0.1289360970,322,-0.2438297719,323,0.3910070062,324,-0.2758314013,325,0.3181647062,343,-1.0000000000
188,0,0.5283175707,296,0.0017038351,297,-0.0722247511,298,-0.5204402804,299,-0.6373793483,300,0.5697448254,301,-0.1858438104,302,-0.0367441177,303,-0.1722155213,304,0.2468302995,305,-0.2138166130,306,-0.3561684191,307,0.0586514957,308,-0.3148244023,309,-0.0642565116,310,0.0638066009,311,-0.1948211491,312,-0.5836485028,313,0.2491650134,314,-0.0514618456,315,-0.4647044539,316,0.1054655537,317,-0.0430486128,318,-0.3319748938,319,-0.1217606813,320,0.2273902297,321,-0.4233832061,322,-0.3040885329,323,-0.7345881462,324,-0.4131129980,325,0.1127935871,344,-1.0000000000
189,0,0.0642570779,296,0.1832762212,297,-0.0316593349,298,-0.3149182200,299,0.0712337941,300,0.1652196348,301,-0.1733224839,302,-0.4095974565,303,0.3237119913,304,-0.2795811892,305,0.3991667628,306,-0.2259511948,307,-0.0863594785,308,0.3152298331,309,0.1012797654,310,0.2193732113,311,-0.1368797272,312,0.1267404258,313,0.2219213098,314,0.1148457229,315,-0.4656432271,316,-0.5798423290,317,-0.2774418294,318,-0.3193314970,319,-0.2013021410,320,-0.2899632752,321,-0.2264295965,322,0.0773266852,323,-0.2414776534,324,-0.0932564512,325,-0.2366205007,345,-1.0000000000
190,0,0.0278996527,296,-0.0304351039,297,-0.1327047944,298,0.2213482410,299,-0.1925213188,300,-0.6145730019,301,-0.4996740222,302,-0.0191755202,303,-0.0746977478,304,0.2750145793,305,-0.1305574328,306,-0.2210166007,307,0.0641932711,308,0.1661658436,309,0.0626563355,310,-0.3906957805,311,-0.0023431394,312,-0.2404345721,313,0.2516132295,314,-0.3271941841,315,-0.6083051562,316,0.1488955170,317,0.0136958156,318,-0.0732684359,319,-0.2678736448,320,-0.2987180352,321,-0.2998757958,322,-0.1595455855,323,0.3219279051,324,0.0335131064,325,-0.0484461486,346,-1.0000000000
191,0,0.1456518620,296,0.0734369904,297,-0.4379283488,298,0.2059798390,299,-0.2996698618,300,0.0123437773,301,-0.2474739105,302,0.3130559027,303,-0.1364250779,304,-0.1238805652,305,-0.0282807294,306,-0.3588486314,307,0.4328783154,308,-0.2075692713,309,0.3132691085,310,0.0122023597,311,0.3141793311,312,0.3913701475,313,-0.3796513677,314,0.1951177120,315,-0.0638360307,316,-0.4805304706,317,0.1251022071,318,-0.1744626462,319,-0.1472716928,320,-0.1704459339,321,-0.0606610924,322,-0.3687971532,323,-0.1633777320,324,-0.4105364084,325,-0.3390870690,347,-1.0000000000
192,0,-0.1237421483,296,0.0924515426,297,-0.2961477339,298,-0.0798372850,299,-0.0961338207,300,0.0705078617,301,-0.0393535234,302,0.0703793392,303,-0.2093975991,304,0.1802644581,305,-0.1795224100,306,-0.3207163215,307,0.1430766582,308,-0.0743374079,309,-0.4887874424,310,-0.0455661044,311,0.4177670479,312,-0.0856180340,313,0.0493752100,314,0.0469960719,315,-0.1156892851,316,-0.2278096378,317,-0.0785856396,318,-0.1566898823,319,0.5892788768,320,-0.4723700583,321,0.0039963778,322,0.0295181796,323,0.1267694533,324,0.2370297462,325,0.3259654939,348,-1.0000000000
193,0,-0.0161585156,296,-0.4391624629,297,-0.1306174845,298,0.1132006869,299,0.0704256892,300,0.0436180346,301,0.1955726147,302,0.0539431870,303,-0.1749746501,304,-0.3855588734,305,0.0047339066,306,0.1668684632,307,0.2078199089,308,-0.3781673312,309,0.0951492563,310,0.1608964801,311,-0.3730451167,312,0.7543824315,313,0.2782671750,314,-0.3978102207,315,0.4251706600,316,-0.0745909661,317,-0.2736923099,318,0.0641616285,319,-0.0815076232,320,0.0371976234,321,-0.3436963558,322,-0.2529942989,323,0.0338167995,324,0.2978198528,325,0.2936865389,349,-1.0000000000
194,0,0.0602313057,296,-0.1924670339,297,-0.0529858321,298,0.1613232493,299,-0.0547239520,300,-0.2686553597,301,0.1119770408,302,0.0465289019,303,-0.1687651873,304,0.2322441638,305,0.4161416590,306,-0.0011429921,307,0.4475490451,308,0.1267866045,309,-0.4075838923,310,-0.2564057112,311,-0.0082513923,312,0.0420263410,313,0.1129531637,314,0.0511623435,315,0.5097795129,316,0.0033386291,317,-0.3804904521,318,-0.1080853194,319,-0.1032115817,320,-0.1341640651,321,-0.6074186563,322,0.0555628389,323,-0.1090708673,324,-0.5014535785,325,-0.1098819971,350,-1.0000000000
195,0,0.1165137440,296,0.1022144035,297,-0.4299619496,298,0.4413594902,299,0.0441023894,300,-0.0744378492,301,-0.0922471732,302,-0.3464829326,303,-0.2398566604,304,0.1144805923,305,-0.4195778668,306,-0.1378272176,307,0.1217076331,308,0.2938525379,309,-0.2951422930,310,0.4186506569,311,-0.5289872289,312,0.0148979770,313,-0.2756466568,314,0.3422562778,315,0.0779804736,316,0.0571298897,317,0.1331485510,318,0.1203553975,319,-0.1977931708,320,-0.2717392445,321,-0.0396648832,322,-0.1631144732,323,-0.1562742144,324,0.1538041681,325,0.3546510041,351,-1.0000000000
196,0,0.3252084553,296,-0.1022352725,297,-0.0318418518,298,-0.0409001075,299,-0.4341785908,300,-0.4395368695,301,-0.0654211938,302,-0.0199079886,303,0.3108154833,304,-0.2754519880,305,-0.2199162990,306,-0.2337190062,307,-0.1179719940,308,-0.0767439529,309,0.3333045542,310,0.0035476671,311,0.0480939485,312,-0.1170751899,313,0.4968202114,314,0.6636995673,315,0.2147271186,316,0.2295078039,317,-1.0436398983,318,0.1702487469,319,0.0512201041,320,-0.0233753454,321,-0.2657317221,322,-0.2210368067,323,-0.2350815684,324,0.3295412362,325,-0.0073123402,352,-1.0000000000
197,0,0.1126863509,296,0.0974269062,297,-0.4834890366,298,0.0441154242,299,-0.2577907741,300,-0.1253662109,301,-0.5399370193,302,-0.1953503489,303,0.4367502332,304,-0.2081987262,305,-0.2031019479,306,-0.0592600703,307,-0.0855163336,308,-0.3823365569,309,0.1327396482,310,-0.1847359389,311,-0.2742221653,312,-0.0836962014,313,-0.3505623341,314,-0.3158236444,315,0.1307187080,316,0.1812496483,317,-0.2078516930,318,0.0121371709,319,0.2891425490,320,-0.3895449638,321,-0.0959184244,322,0.3444359004,323,-0.6798750162,324,-0.4036430120,325,-0.0024861577,353,-1.0000000000
198,0,0.0198010709,296,-0.2848762870,297,-0.3283353448,298,0.2706817985,299,-0.0727524608,300,-0.2554098368,301,-0.1747959256,302,0.4642141759,303,-0.1948658824,304,0.0745411515,305,0.4960339069,306,-0.2315459251,307,-0.2260068506,308,-0.0049339575,309,-0.2193126231,310,-0.0601831079,311,-0.3551069498,312,0.1040205210,313,-0.1186297238,314,0.1735474765,315,0.0249366295,316,0.1235412583,317,0.4830184281,318,-0.1643568426,319,0.0547814183,320,0.0401148014,321,0.1212802082,322,-0.1395074129,323,-0.5488209724,324,0.2711155713,325,-0.3043335378,354,-1.0000000000
199,0,0.1259964556,296,0.0829829350,297,0.4917882383,298,-1.5424184799,299,-1.6238007545,300,0.1340441853,301,0.3404080868,302,-0.0731504112,303,-0.2723892331,304,0.2383123189,305,-0.2814315259,306,0.1554501355,307,0.2117933780,308,-0.2386011034,309,-0.5343825221,310,0.1069100946,311,0.1374160945,312,-0.1315185428,313,-0.2619647086,314,-0.1732340455,315,0.2359754443,316,0.4325232208,317,0.0323312841,318,-0.0078136157,319,-0.1449809968,320,0.4584616125,321,-0.2735505402,322,0.3442602754,323,0.1325884610,324,-0.4714358449,325,-0.2904733121,355,-1.0000000000
200,0,0.1075813174,356,0.1624931693,357,0.0431071594,358,-0.0290070157,359,0.1335994750,360,-0.0127636977,361,0.0195700135,362,-0.1557791531,363,0.2065437734,364,-0.0987593532,365,0.2038220316,366,-0.1494266838,367,0.3763075173,368,-0.1968882233,369,0.4647517204,370,0.5796337128,371,0.4085414112,372,-0.0818511918,373,1.0647623539,374,-0.0047328835,375,0.0016614782,376,0.3860057592,377,0.2942828238,378,-0.1485147178,379,0.0245275144,380,0.0034859104,381,0.3721643984,382,-0.0179658588,383,-0.0413528942,384,-0.0186405741,385,0.6338368058,386,-1.0000000000
201,0,0.9946503043,386,1.0000000000,387,-1.0000000000
202,0,0.0000000000,387,0.0000000000,388,-1.0000000000
203,0,0.0000000000,0,0.0000000000,1,0.0000000000,2,0.0000000000,3,0.0000000000,4,1.0000000000,5,0.0000000000,389,-1.0000000000
204,0,0.0000000000,0,0.0000000000,1,0.0000000000,2,0.0000000000,3,0.0000000000,4,0.0000000000,5,1.0000000000,390,-1.0000000000
205,0,0.0000000000,0,0.0000000000,1,0.0000000000,2,0.0000000000,3,1.0000000000,4,0.0000000000,5,0.0000000000,391,-1.0000000000
206,0,-1.2676454782,389,-0.2511710525,390,0.4929688275,391,0.4840008616,392,-1.0000000000
207,0,-0.4928808808,389,-0.1199027821,390,0.5385037661,391,-0.1154890060,393,-1.0000000000
208,0,-1.0044264793,389,-0.1311004907,390,0.3695072830,391,0.0637396947,394,-1.0000000000
209,0,0.2968060672,389,-0.0421463326,390,0.0603645481,391,0.3614571691,395,-1.0000000000
210,0,0.2337488532,389,-0.0843495876,390,-0.1775313467,391,-0.1754380912,396,-1.0000000000
211,0,-0.2613178194,389,-0.4700223207,390,-0.2668695450,391,0.0915144607,397,-1.0000000000
212,0,-1.6886420250,389,-0.1178381294,390,-0.3400233090,391,0.3261484802,398,-1.0000000000
213,0,-0.7095463872,389,0.4351211190,390,-0.0320706666,391,-0.4227807224,399,-1.0000000000
214,0,-1.2809951305,389,0.0080739493,390,0.2443336844,391,-0.1210842580,400,-1.0000000000
215,0,-0.0017579083,389,-0.1182969064,390,0.5623217225,391,-0.0057019079,401,-1.0000000000
216,0,0.3735660911,389,-0.1931013614,390,0.2852857411,391,0.1910760552,402,-1.0000000000
217,0,0.0376158953,389,-0.1465484500,390,-0.3387883604,391,-0.3355477750,403,-1.0000000000
218,0,-1.5479044914,389,-0.1388622820,390,-0.2429903448,391,0.1795269847,404,-1.0000000000
219,0,-0.0473121963,389,-0.1884517670,390,0.5236244202,391,0.1817480922,405,-1.0000000000
220,0,-1.3123764992,389,0.1531788707,390,0.3304323852,391,-0.2054396719,406,-1.0000000000
221,0,0.2541031837,389,-0.1172418147,390,0.4297435880,391,0.1026016548,407,-1.0000000000
222,0,0.1848431081,389,0.1477026939,390,-0.4954297841,391,0.5867704749,408,-1.0000000000
223,0,1.9782514572,389,0.1508633643,390,-0.1158402413,391,0.0911919475,409,-1.0000000000
224,0,-0.4185292125,389,0.4279850423,390,0.3507190049,391,-0.0098536070,410,-1.0000000000
225,0,-0.1226521507,389,-0.0205315240,390,0.4287243783,391,-0.0981782824,411,-1.0000000000
226,0,0.2633912265,389,0.0939570889,390,0.3273037672,391,0.2717713416,412,-1.0000000000
227,0,0.0221827514,389,-0.1030919701,390,0.3096122444,391,-0.1965782344,413,-1.0000000000
228,0,1.0619738102,389,0.2188840657,390,-0.3265000284,391,0.2178067714,414,-1.0000000000
229,0,0.3295440078,389,-0.2120838910,390,-0.1828130186,391,-0.5616398454,415,-1.0000000000
230,0,-1.2748676538,389,0.4516910613,390,0.1915392280,391,-0.4045678675,416,-1.0000000000
231,0,1.0180255175,389,-0.0466324426,390,0.2642211318,391,-0.1543197781,417,-1.0000000000
232,0,-1.4359457493,389,0.1477136314,390,0.0743692294,391,0.1351726800,418,-1.0000000000
233,0,1.2252717018,389,0.4933655262,390,-0.1255251169,391,-0.1685131192,419,-1.0000000000
234,0,-0.3441561759,389,0.4702634811,390,-0.2331478894,391,-0.1637540609,420,-1.0000000000
235,0,-0.5256652832,389,-0.0758687034,390,0.5090442896,391,-0.1773385853,421,-1.0000000000
236,0,-0.1804290265,422,0.0026263830,423,-0.2032573372,424,-0.1632301956,425,0.0250531491,426,0.1764748842,427,-0.0866153762,428,0.2873283625,429,-0.2175903022,430,0.0033943460,431,0.0169659797,432,0.0999767408,433,0.0822914615,434,0.1439918280,435,-0.0419667400,436,0.0485656150,437,-0.0705740675,438,0.2107124031,439,-0.0534630939,440,0.0381050333,441,-0.0976327732,442,0.1934971213,443,-0.8140314221,444,-0.0441909209,445,-0.1686094403,446,0.1342684776,447,-0.7347209454,448,0.0850774124,449,0.2331219912,450,0.2282922715,451,-0.3046395183,452,-1.0000000000
237,0,-0.3598589301,422,-0.1185385659,423,0.2495492697,424,-0.0276712943,425,0.0371083990,426,-0.0023835434,427,0.0344590321,428,-0.1639953107,429,0.1566732526,430,0.0924293920,431,0.1696389019,432,-0.0575267076,433,0.1805653572,434,-0.1308088154,435,0.0861219466,436,-0.0648047552,437,-0.0317939334,438,-0.0874468535,439,0.0145214181,440,-0.1086102799,441,0.2407414168,442,-0.0696561784,443,0.1710758805,444,-0.4855547249,445,-0.0410991982,446,0.1164468527,447,-0.6045104861,448,0.1787571609,449,0.0975691155,450,-0.0127575053,451,0.1017268673,453,-1.0000000000
238,0,-0.6977220774,422,0.0169062559,423,0.1482035518,424,-0.0973509401,425,-0.1487641782,426,0.1364243776,427,0.1673939973,428,0.1272193491,429,-0.0280854069,430,0.0730706602,431,-0.0655809566,432,0.0507584624,433,-0.0993551388,434,-0.1535594761,435,-0.0024043159,436,0.1530620605,437,0.0166870505,438,-0.0800002962,439,-0.8202053308,440,0.0546068735,441,-0.1217979342,442,0.1401152760,443,0.0370738693,444,-0.3173587620,445,0.0165198073,446,0.1216758788,447,-0.4758280218,448,0.0134291723,449,-0.2623609006,450,0.0363121964,451,0.1524778306,454,-1.0000000000
239,0,0.0736877397,422,-0.0729395002,423,-0.1118236184,424,0.0693075433,425,-0.1102597490,426,0.1320214719,427,-0.0033530665,428,-0.0863341317,429,-0.0420188718,430,-0.0753953680,431,-0.1278030872,432,0.1524888575,433,-0.0566443652,434,-0.0651016310,435,-0.0848372579,436,0.1638489664,437,-0.0424563251,438,-0.1037692428,439,-0.0742047504,440,-0.1164657176,441,-0.0812273175,442,-0.1046813130,443,-0.0339520052,444,0.0626531020,445,-0.0995938778,446,0.1326879561,447,0.1100831553,448,0.1564114392,449,0.0439419188,450,-0.1045218855,451,-0.1468525380,455,-1.0000000000
240,0,-0.6634193659,422,0.2110359520,423,0.0393190309,424,-0.0170248114,425,0.0062447479,426,-0.0853460282,427,0.0409533307,428,0.1482222676,429,0.2660015523,430,-0.0079892641,431,0.0230703186,432,0.1200440228,433,-0.0881475806,434,-0.0656487942,435,0.0418631062,436,-0.0692739859,437,-0.2558224201,438,-0.1274214536,439,-0.6343279481,440,-0.1566058546,441,0.0212677140,442,0.1233249828,443,0.1597674340,444,-0.1943453401,445,0.1419314146,446,0.1974845380,447,-0.5711890459,448,0.0412670970,449,-0.2454962730,450,0.0118810534,451,0.0203712508,456,-1.0000000000
241,0,-0.8413760662,422,0.1514284164,423,-0.0473467670,424,0.0836648718,425,-0.0082910275,426,0.1682634801,427,-0.0059866412,428,0.1033680439,429,-0.0011357821,430,-0.0742028654,431,-0.0820990279,432,0.0310829952,433,0.0801231489,434,-0.3814996481,435,-0.1335452646,436,0.0702397823,437,-0.0735066235,438,-0.1655425429,439,-0.8058633208,440,0.0974563807,441,0.2040322423,442,-0.1584714353,443,0.2379956245,444,-0.1928146183,445,-0.0722102970,446,0.1531424820,447,-0.3343215585,448,0.1954556853,449,-0.2421199977,450,-0.0673597530,451,0.0407006033,457,-1.0000000000
242,0,-0.3733649850,422,0.1327294409,423,-0.0714700148,424,0.0989139080,425,-0.0449224859,426,-0.1137466580,427,-0.0181881674,428,-0.1239616349,429,-0.2354314625,430,0.0100821350,431,0.0940018892,432,-0.0451666974,433,0.0069847191,434,-0.1612872183,435,0.0033095572,436,0.1989011765,437,-0.1542743444,438,0.1660470217,439,-0.5557503700,440,-0.0898177028,441,0.0260032080,442,-0.1460585743,443,0.3323515952,444,-0.1838821024,445,0.0429333374,446,-0.0866051093,447,-0.4448838532,448,-0.0442326702,449,0.1066190153,450,0.3384258449,451,-0.0131046819,458,-1.0000000000
243,0,-0.0179882478,422,0.1669951230,423,-0.0080246385,424,0.0583765358,425,0.1353124231,426,-0.0597206093,427,0.0499483310,428,0.2323620617,429,0.1179629341,430,0.0395127721,431,0.0023507886,432,-0.0471492484,433,0.0405920185,434,-0.1126108095,435,-0.0785133988,436,0.1858688444,437,-0.0823215693,438,-0.2014005035,439,-0.0803743452,440,0.1794203818,441,-0.1548402905,442,-0.0430210792,443,-0.1023918614,444,-0.0322392806,445,-0.0505517535,446,0.0132261897,447,0.5556204915,448,0.0855917856,449,-0.1266043186,450,0.0779897124,451,-0.0627327412,459,-1.0000000000
244,0,-0.3289488256,422,0.0672623441,423,-0.0652048960,424,0.0790111497,425,0.2029323131,426,0.0606358722,427,-0.1736855060,428,0.2945699394,429,0.0587583296,430,0.1940625757,431,-0.0190838091,432,-0.1079990715,433,0.0180257615,434,0.1387837827,435,-0.1490782499,436,0.2473735362,437,-0.3243984580,438,0.1077256203,439,0.0499354079,440,0.0275014210,441,-0.1185187772,442,0.0977872089,443,-0.6053171754,444,0.1271479279,445,-0.0478536710,446,-0.0572897494,447,-0.7758138180,448,0.1946170777,449,0.1128787175,450,-0.0073373481,451,-0.4258051217,460,-1.0000000000
245,0,-0.7170777917,422,0.1524683386,423,-0.1116741970,424,0.1722503752,425,-0.1227002516,426,0.0358748138,427,0.0077009033,428,0.1805308610,429,0.1091670766,430,0.0033233811,431,-0.0454860181,432,-0.0062248944,433,-0.1002000645,434,-0.4868623912,435,-0.0657152086,436,0.1149113029,437,-0.0827421024,438,-0.0965069160,439,-0.6933201551,440,-0.1029964015,441,0.0934457704,442,0.1036359221,443,0.0696434304,444,-0.4151306748,445,-0.0256498344,446,0.1376969814,447,-0.5800364614,448,0.0732846931,449,-0.2587396801,450,0.0863990411,451,0.2009440213,461,-1.0000000000
246,0,0.3440313041,422,0.0047570858,423,-0.1107277125,424,0.0752178356,425,0.0184123181,426,0.1361017376,427,0.0025912859,428,-0.0167490728,429,0.0926460028,430,0.1320138276,431,0.2726369500,432,0.0019805122,433,-0.0240804385,434,0.0150086861,435,0.0145374928,436,0.0676347390,437,0.0464203209,438,-0.0023067044,439,-0.0913272873,440,0.1382047385,441,0.1482546329,442,-0.0920863003,443,-0.0242333394,444,-0.1780335009,445,-0.0459492281,446,-0.0238591693,447,0.6078222990,448,-0.0030147117,449,-0.1539622843,450,-0.1134385467,451,0.1434092522,462,-1.0000000000
247,0,-0.8468964100,422,0.2116161734,423,-0.0000830740,424,-0.0166375004,425,-0.0874010995,426,0.0017111934,427,-0.0120402081,428,0.0086979615,429,0.0066212155,430,0.2467104942,431,-0.0456454866,432,-0.0233631898,433,-0.0739750788,434,-0.2799419761,435,0.0614883155,436,0.2010513097,437,-0.2221145928,438,-0.0173472110,439,-0.5664660931,440,0.0252213739,441,0.0316490829,442,-0.1793204844,443,-0.0769074857,444,-0.2208574414,445,0.0263059922,446,-0.0064822934,447,-0.3432126343,448,0.0222056787,449,-0.1507966518,450,0.0409199223,451,0.1027495712,463,-1.0000000000
248,0,0.0556263402,422,-0.0769951642,423,-0.1347031593,424,0.0782617480,425,0.1752726883,426,0.1015514210,427,-0.0722010955,428,0.0406905003,429,0.1145681366,430,0.0349322148,431,-0.0610451624,432,-0.0178428553,433,-0.0255274307,434,-0.0753098056,435,0.0969986171,436,0.0708257183,437,-0.1509499997,438,-0.1440140158,439,-0.0705849454,440,-0.0366342925,441,0.1645390242,442,-0.0530649312,443,-0.0047097784,444,-0.0423586443,445,-0.0970573053,446,-0.1723858118,447,-0.1572515517,448,-0.1176657230,449,0.0503112562,450,0.0332879685,451,0.1776992828,464,-1.0000000000
249,0,0.1247459352,422,-0.0824054405,423,0.0870306417,424,-0.0704204738,425,-0.0145223662,426,-0.0652799457,427,-0.0011210261,428,0.0972929299,429,0.0286366474,430,-0.1124859676,431,-0.1442733407,432,0.1591726691,433,0.1393539011,434,-0.0236841924,435,-0.1515013874,436,-0.0834764540,437,0.1765301079,438,0.1141300425,439,-0.0417607948,440,-0.0180950817,441,0.0525715910,442,-0.1053221971,443,-0.0524460301,444,0.0482218601,445,-0.0496261939,446,0.0135874487,447,0.1267701089,448,-0.0277118292,449,-0.0974695459,450,-0.1098188981,451,0.1819746345,465,-1.0000000000
250,0,-0.3535683453,422,0.0729720369,423,0.1414529979,424,0.0862471089,425,-0.0792533606,426,0.1796104908,427,-0.0848831162,428,-0.3174106777,429,-0.1390706003,430,0.1165574491,431,0.1224192232,432,-0.2130770981,433,0.1559793800,434,-2.0170030594,435,-0.0764209330,436,0.1179278865,437,0.0065299012,438,-0.0147607736,439,-0.0903770775,440,-0.1279257089,441,0.0773659870,442,-0.1088451594,443,0.1041928455,444,-0.4018306732,445,0.0684119314,446,0.1995168626,447,-0.5953468084,448,-0.0910246521,449,0.0465724096,450,0.1832973510,451,0.1195013821,466,-1.0000000000
251,0,0.0601767078,422,-0.0873925909,423,-0.1516659707,424,0.0409272350,425,-0.0531686135,426,0.0420093685,427,0.1184768304,428,0.1281075925,429,-0.1561305672,430,-0.0784375221,431,-0.0073602446,432,-0.0076664281,433,0.0440906882,434,-0.0281800497,435,-0.0445086770,436,0.0914451480,437,0.1066190749,438,-0.1494339108,439,-0.1493367255,440,0.0011276860,441,-0.1567754745,442,-0.1337778419,443,-0.1687823832,444,0.0596914254,445,0.1569757313,446,-0.0210835040,447,-0.1653929800,448,0.1446962655,449,-0.1199359894,450,0.1159625500,451,-0.0284172613,467,-1.0000000000
252,0,0.0503351092,422,0.1110806540,423,0.0743964389,424,-0.1020241380,425,0.0473410375,426,0.0120801022,427,-0.0999118537,428,0.0251391437,429,-0.0855268985,430,-0.1171181649,431,-0.1960434765,432,0.0012557271,433,0.0997373909,434,-0.1722572297,435,0.1609733701,436,-0.0104858978,437,0.0513798818,438,-0.1363621950,439,-0.0649930313,440,-0.1716635972,441,-0.1566078961,442,0.0540122762,443,-0.0188647844,444,0.0346334130,445,0.0270173885,446,-0.0667708069,447,0.0790056959,448,-0.1021361202,449,0.0573444441,450,-0.1554480195,451,0.0867994130,468,-1.0000000000
253,0,0.4841224253,422,-0.0483498015,423,-0.4266788960,424,-0.2583473027,425,0.2010257244,426,-0.1734581441,427,-0.0452849306,428,-0.2159141451,429,0.1051779538,430,-0.5400137305,431,0.2442388386,432,0.1522524506,433,-0.1292148083,434,0.0802097768,435,0.1354416758,436,-0.2169509530,437,0.1069497541,438,0.1193160266,439,0.5264558792,440,-0.0466185734,441,0.1159410700,442,-0.0193239488,443,0.0981841683,444,0.1564036608,445,0.1372258067,446,-0.1075731888,447,-0.0584366806,448,-0.1747924685,449,0.2196878195,450,0.1756557822,451,0.0774535835,469,-1.0000000000
254,0,0.1303463876,422,0.1328146905,423,-0.0611298680,424,0.2229774296,425,-0.0290152300,426,-0.0378780663,427,-0.1203196347,428,0.1963157654,429,0.1555833966,430,0.2418440133,431,0.0611198805,432,0.1123268753,433,-0.1499851197,434,0.2056594044,435,-0.1004691496,436,0.0155833196,437,-0.0655310005,438,-0.0474109128,439,-0.2421019524,440,-0.1089997888,441,-0.0397700705,442,0.1395749450,443,-0.1045036018,444,-0.0991195217,445,0.0902524889,446,0.1246800497,447,0.4094221890,448,0.1424051672,449,-0.2114471048,450,-0.0832247287,451,0.0182911362,470,-1.0000000000
255,0,-0.5802730918,422,0.1672603637,423,-0.0382878929,424,-0.0916647241,425,-0.2967226803,426,0.0034266089,427,0.0525000505,428,0.0029746685,429,-0.0211358424,430,-0.0493674725,431,0.1249399856,432,-0.0747473910,433,0.0300727598,434,-0.2075173706,435,0.1024619862,436,0.0143990908,437,0.0529872924,438,0.1316282153,439,-0.5537940860,440,0.0558157712,441,0.0438419841,442,-0.2162655890,443,0.1530881971,444,-0.4630715549,445,-0.0248332079,446,-0.0842689574,447,-0.4183299839,448,0.1198970526,449,0.0265389122,450,0.1797282249,451,0.0557223968,471,-1.0000000000
256,0,-0.2667019665,422,0.0209531281,423,0.0012474320,424,-0.0517162494,425,0.2032154202,426,-0.0837850049,427,-0.0790762678,428,0.2479079813,429,-0.0657121763,430,0.2377556860,431,0.0083448021,432,0.0639899448,433,0.0358334631,434,0.1372530311,435,0.0687319040,436,0.0762287676,437,-0.2347878069,438,-0.0502153784,439,-0.1954396963,440,0.0287530757,441,-0.3443174958,442,0.1182236075,443,-0.7569931746,444,0.0838219970,445,0.0859474018,446,0.0826627612,447,-0.5009884238,448,0.0264317542,449,0.2365318090,450,0.0446271636,451,-0.3693911135,472,-1.0000000000
257,0,0.0219135545,422,-0.0348105915,423,-0.0485500544,424,0.0727800503,425,0.1301117241,426,0.1372494251,427,0.1352355033,428,0.1104013622,429,-0.1268911511,430,-0.0031087059,431,-0.1704656184,432,0.1090171263,433,0.0372363627,434,-0.0363509096,435,-0.1296887249,436,-0.1387680769,437,0.0138784945,438,0.0491272882,439,-0.0621209070,440,-0.1325561404,441,-0.1318826526,442,-0.1727063358,443,-0.1300564557,444,0.1463213414,445,0.1019949615,446,-0.1426562071,447,-0.1580281556,448,-0.1153022498,449,0.1292947233,450,-0.0764024481,451,0.0498122275,473,-1.0000000000
258,0,-0.1920771152,422,0.1624567360,423,-0.2961913645,424,0.1324506551,425,0.1752388477,426,-0.0483986735,427,-0.1466594785,428,0.0931086540,429,0.0089864600,430,0.1123096570,431,0.0903461725,432,-0.1836763471,433,-0.1046101227,434,0.2347479463,435,-0.0110580893,436,0.0004936918,437,-0.1689493954,438,0.1258943081,439,0.0240180623,440,-0.0230143834,441,-0.2860877514,442,-0.0533338375,443,-0.5903058648,444,-0.0007740369,445,0.0875656828,446,0.2478128821,447,-0.8705605865,448,0.1956785023,449,0.1113903299,450,0.0089915823,451,-0.1855456382,474,-1.0000000000
259,0,-0.7561948895,422,0.1650109589,423,0.1829233617,424,0.0045191767,425,-0.2880024314,426,0.0062374119,427,-0.1523420364,428,0.1526686400,429,0.1110141501,430,0.0627592131,431,-0.0397611931,432,0.0312265586,433,-0.0204437785,434,-0.3670676351,435,0.1198085397,436,0.2037722319,437,-0.0616900846,438,-0.0225328207,439,-0.7408043146,440,-0.0140253408,441,-0.0047828252,442,0.0428510010,443,-0.0820979998,444,-0.4424341917,445,0.0138679724,446,0.0288198199,447,-0.4879195690,448,-0.1754097044,449,-0.1638027132,450,0.1839697957,451,0.2106166631,475,-1.0000000000
260,0,-0.3952246010,422,0.0922428891,423,-0.3387384117,424,0.0213898662,425,0.1732875854,426,-0.1071234047,427,-0.1808727831,428,0.1660332382,429,-0.0582676642,430,0.1650584191,431,0.1081937999,432,-0.1353340298,433,0.0070689479,434,0.1125545129,435,-0.1168879569,436,0.0375899076,437,-0.0879174322,438,0.2470923215,439,-0.0338524692,440,0.1675427854,441,-0.3811228871,442,0.0699560866,443,-0.7222059965,444,0.2329771072,445,-0.0933031812,446,0.0780873224,447,-0.5835444927,448,-0.0659696609,449,0.1170646846,450,0.1123486310,451,-0.1815945208,476,-1.0000000000
261,0,-0.0433378108,422,-0.0553738400,423,0.0632351041,424,-0.1247043014,425,0.1316677928,426,0.1625528932,427,0.0939316973,428,0.1094052419,429,-0.1425452977,430,0.0926237628,431,0.1335227042,432,0.0492439456,433,0.1373318732,434,-0.1761078984,435,-0.0528539419,436,0.1314710677,437,-0.0437324233,438,0.1082122624,439,-0.1555164605,440,-0.1771500707,441,0.0253479183,442,-0.1225641891,443,-0.0716749355,444,-0.1190237328,445,0.0894576311,446,0.0621321872,447,-0.0299868546,448,0.0583796948,449,-0.1141940728,450,-0.0256022792,451,-0.1447291374,477,-1.0000000000
262,0,0.0534833670,422,-0.0182762258,423,0.0317909382,424,0.0108345309,425,-0.0363875218,426,0.1357513219,427,0.0688845664,428,-0.1505366266,429,-0.0000606206,430,-0.2231542468,431,-0.1965962201,432,-0.1840732992,433,-0.0830096677,434,0.0319815911,435,0.0161579736,436,-0.1164160520,437,-0.0577169098,438,0.1030418873,439,0.4314788580,440,0.2094648629,441,0.0677685514,442,0.2384172231,443,-0.1031800434,444,0.0925774723,445,-0.0176478848,446,-0.0123438360,447,-0.6608111262,448,0.0364744514,449,0.1711149067,450,-0.0961292759,451,-0.1422373354,478,-1.0000000000
263,0,-0.0013682930,422,0.1214488000,423,0.0987720713,424,-0.0182945747,425,-0.1215571016,426,-0.1809270233,427,-0.0372586474,428,0.1258610636,429,0.0663477629,430,-0.1104788184,431,-0.0716342106,432,-0.0071966406,433,-0.0535816588,434,0.0918208882,435,-0.0923108980,436,0.0546554141,437,-0.1212661788,438,-0.0998874381,439,0.0899304822,440,-0.0845537931,441,0.0681633353,442,-0.1763966382,443,-0.0871325210,444,-0.1580520719,445,-0.1499591023,446,-0.1102986559,447,-0.0656354278,448,-0.0116970465,449,0.1526552141,450,-0.0258644558,451,-0.1427551508,479,-1.0000000000
264,0,-0.5182752609,422,0.0966738239,423,0.1693245620,424,0.2158863097,425,-0.0637250766,426,0.1131685302,427,-0.0528458245,428,0.0424223654,429,0.1335801035,430,0.2520641387,431,-0.1126064733,432,0.0267751180,433,0.1716529727,434,-0.4364804924,435,0.0830959156,436,-0.1026624739,437,-0.2223686129,438,0.0202054996,439,-0.7371780276,440,0.1505291164,441,-0.0996200889,442,-0.0867529362,443,-0.0935248062,444,-0.4445061684,445,-0.0310106799,446,-0.1018709689,447,-0.6285310984,448,-0.0014785344,449,-0.2009434551,450,0.2244313210,451,0.0776060671,480,-1.0000000000
265,0,-0.1059481353,422,0.0129965926,423,-0.0849288478,424,0.0477307774,425,-0.0671505556,426,0.1484659761,427,0.1577991247,428,0.3285481334,429,0.2119284868,430,0.0373641923,431,-0.0298266225,432,-0.1758054793,433,-0.0393999107,434,0.0778747946,435,-0.0649218485,436,0.0346806347,437,0.0053967326,438,0.1733707488,439,-0.2465477437,440,0.1627931297,441,-0.0830486417,442,-0.1228801534,443,-0.3608000875,444,-0.0549932122,445,-0.0184006114,446,0.2113206834,447,0.0261888467,448,0.0755576491,449,0.1146347672,450,0.0517981388,451,-0.0161687098,481,-1.0000000000
266,0,0.0518021882,482,0.1560537368,483,-0.2449696958,484,-0.2251466811,485,-0.1382148266,486,-0.2376945764,487,-0.3818947375,488,-0.5375611782,489,0.1250829548,490,0.2600489259,491,-0.2815186679,492,0.2455898225,493,-0.4048801363,494,0.1484114975,495,-0.1639449149,496,-0.3872265220,497,0.0995188281,498,0.0900902748,499,-1.1484011412,500,0.1897999793,501,-0.4822609127,502,0.3340891898,503,-0.0810690820,504,0.3268259466,505,-0.2349086702,506,0.2366122156,507,-0.0688110292,508,-0.2591090798,509,0.0325651467,510,-0.5721648932,511,0.2384347320,512,-1.0000000000
267,0,0.0000000000,388,0.0000000000,387,0.0000000000,512,0.0000000000,513,-1.0000000000
268,0,0.0000000000,388,0.0000000000,387,0.0000000000,512,0.0000000000,514,-1.0000000000
269,0,0.0000000000,388,0.0000000000,387,0.0000000000,512,0.0000000000,515,-1.0000000000
270,0,0.0000000000,388,0.0000000000,387,0.1000000015,512,0.0000000000,516,-1.0000000000
271,0,0.0000000000,388,0.0000000000,387,0.0000000000,512,0.0000000000,517,-1.0000000000
272,0,0.0000000000,388,0.0000000000,387,0.0000000000,512,0.1000000015,518,-1.0000000000
273,0,0.0000000000,254,1.0000000000,513,1.0000000000,519,-1.0000000000
274,0,0.0000000000,255,1.0000000000,514,1.0000000000,520,-1.0000000000
275,0,0.0000000000,256,1.0000000000,515,1.0000000000,521,-1.0000000000
276,0,0.0000000000,257,1.0000000000,516,1.0000000000,522,-1.0000000000
277,0,0.0000000000,258,1.0000000000,517,1.0000000000,523,-1.0000000000
278,0,0.0000000000,259,1.0000000000,518,1.0000000000,524,-1.0000000000
279,0,0.0000000000,519,0.0000000000,520,0.0000000000,521,1.0000000000,522,0.0000000000,523,0.0000000000,524,0.0000000000,525,-1.0000000000
280,0,0.0000000000,519,0.0000000000,520,0.0000000000,521,0.0000000000,522,1.0000000000,523,0.0000000000,524,0.0000000000,526,-1.0000000000
281,0,0.5756330490,525,-0.2857449949,526,-0.5818331838,527,-1.0000000000
282,0,0.4153255820,525,-0.6363978386,526,-0.0201633051,528,-1.0000000000
283,0,0.6031166911,525,-0.2022623867,526,-0.5587995052,529,-1.0000000000
284,0,-0.3931312561,525,0.3435318470,526,0.5983251333,530,-1.0000000000
285,0,-0.7251348495,525,0.2548181117,526,0.1524634808,531,-1.0000000000
286,0,0.4723616242,525,0.4713237882,526,0.5518397093,532,-1.0000000000
287,0,-0.0967995524,525,-0.0019664997,526,-0.6256303787,533,-1.0000000000
288,0,0.1870286614,525,-0.1555573493,526,-0.2001305073,534,-1.0000000000
289,0,-0.0715159550,525,-0.4766639769,526,-0.5247418880,535,-1.0000000000
290,0,0.3571799695,525,-0.2539187372,526,0.5517193079,536,-1.0000000000
291,0,0.4119786918,525,0.4981635213,526,0.4322230518,537,-1.0000000000
292,0,-0.5005849004,525,-0.5204929113,526,0.0355930887,538,-1.0000000000
293,0,0.6153785586,525,0.4183242321,526,0.4371678829,539,-1.0000000000
294,0,0.5405035019,525,-0.6698974371,526,-0.5210480094,540,-1.0000000000
295,0,-0.2433236390,525,0.3020256460,526,0.4544996023,541,-1.0000000000
296,0,0.6321940422,525,-0.3340066075,526,-0.6544295549,542,-1.0000000000
297,0,0.6342574954,525,0.3723469675,526,0.6323879957,543,-1.0000000000
298,0,0.6036383510,525,-0.6476333737,526,-0.6164126396,544,-1.0000000000
299,0,0.5754257441,525,0.1385862082,526,0.2556748986,545,-1.0000000000
300,0,-0.0494023710,525,-0.0178403798,526,0.4031411707,546,-1.0000000000
301,0,-0.1385990679,525,0.3784652054,526,0.6638854146,547,-1.0000000000
302,0,0.5028768182,525,0.3932795227,526,-0.0289397035,548,-1.0000000000
303,0,-0.1374177486,525,0.5469170809,526,-0.4935225248,549,-1.0000000000
304,0,-0.5687988400,525,-0.5459797978,526,0.4359064996,550,-1.0000000000
305,0,-0.6566717625,525,-0.5579361320,526,-0.5578237176,551,-1.0000000000
306,0,0.6229074001,525,-0.4066574275,526,0.4809256792,552,-1.0000000000
307,0,-0.1687708944,525,-0.6589807868,526,-0.5890274644,553,-1.0000000000
308,0,-0.4592879713,525,-0.5446423292,526,0.2644191384,554,-1.0000000000
309,0,0.6857100129,525,-0.5113016367,526,-0.4242422581,555,-1.0000000000
310,0,-0.2690795064,525,0.3099024594,526,0.0689117163,556,-1.0000000000
311,0,0.0486139357,557,-0.0875717327,558,0.1025475636,559,0.0903560668,560,0.1694551855,561,-0.0875772834,562,0.1834707558,563,0.0817998201,564,0.0587068386,565,0.1810557544,566,0.0880409777,567,-0.1212587357,568,-0.1937298328,569,0.0979874656,570,-0.0779305175,571,-0.1331341863,572,-0.0413064808,573,-0.0587227382,574,-0.1716710478,575,-0.1046210304,576,-0.1505034864,577,0.1659406573,578,-0.0155112827,579,-0.0817651302,580,0.0692260712,581,-0.0350158699,582,0.1821354628,583,0.1255337447,584,0.0179287717,585,-0.0794689506,586,0.0243510660,587,-1.0000000000
312,0,-0.0824963227,557,-0.1647906601,558,-0.0504086725,559,-0.0306348074,560,-0.0683348998,561,-0.1437449455,562,0.0100856060,563,0.0980601907,564,0.0897566304,565,-0.0133877592,566,-0.1369556487,567,0.0531826057,568,0.1219306886,569,-0.1787930578,570,-0.1225656271,571,0.1077829748,572,0.1231944710,573,-0.0823251233,574,0.1546468586,575,0.1159033030,576,-0.0359974802,577,-0.0844470859,578,0.0819671378,579,0.1583113372,580,0.0718006715,581,-0.1299203038,582,-0.1383859813,583,0.1209560111,584,-0.0949215740,585,-0.0649172217,586,-0.0279445667,588,-1.0000000000
313,0,0.0207695756,557,-0.1249626875,558,-0.1709996909,559,-0.0340561941,560,0.1518249512,561,-0.0449260175,562,0.0824496374,563,0.1721694916,564,-0.1077364683,565,0.0097475965,566,0.0714702234,567,0.0066746403,568,-0.0505184382,569,-0.1779395938,570,-0.0306665618,571,-0.0440588258,572,0.1735388041,573,-0.0034780980,574,-0.1219488457,575,-0.0027146044,576,0.0632249117,577,0.0225883164,578,-0.1630800962,579,-0.0326527953,580,-0.0352999456,581,-0.0751854628,582,0.1018240377,583,0.0590524599,584,-0.0583879016,585,0.0677159429,586,0.0274354480,589,-1.0000000000
314,0,-0.0341007002,557,0.0766690448,558,0.1064030454,559,0.0882041678,560,0.0828859732,561,0.1280319691,562,0.0687345043,563,0.0302189589,564,-0.1176745072,565,-0.0332719497,566,-0.1298123598,567,0.0337465703,568,-0.1258573979,569,0.1330592334,570,0.0025463640,571,0.1032158583,572,0.1299948394,573,0.1585325152,574,-0.0216676425,575,-0.0800438151,576,-0.1704902500,577,-0.1348815709,578,0.0113701848,579,-0.1932861358,580,0.1152663901,581,-0.0762923583,582,-0.1380701214,583,-0.0837397352,584,-0.1466328949,585,0.0723953173,586,-0.0613923557,590,-1.0000000000
315,0,-0.0725758299,557,0.0190235134,558,0.0895166993,559,0.1100525185,560,0.1772008836,561,-0.0889578536,562,-0.1841778159,563,0.0485265814,564,0.1680712104,565,0.0864360332,566,0.1068416610,567,-0.1233089790,568,-0.1179980412,569,0.1097056344,570,0.1384595037,571,0.0263754129,572,-0.0563491508,573,-0.1528403908,574,0.1327840835,575,-0.1785440445,576,-0.1165899113,577,0.1482564509,578,-0.1534176916,579,0.0713576302,580,0.1164600775,581,0.1723228842,582,-0.0067748884,583,0.0763393715,584,0.0191699248,585,-0.0466463678,586,0.1425956190,591,-1.0000000000
316,0,0.1302796304,557,0.1715481430,558,0.1808907241,559,-0.1557132006,560,-0.1574283391,561,-0.0179375354,562,0.1522274762,563,-0.1126981676,564,0.1451155394,565,0.0838595107,566,-0.1624532193,567,-0.0412939191,568,-0.1802247316,569,0.0767233223,570,0.0053848298,571,0.0995888561,572,0.0849150643,573,-0.0522568785,574,-0.0671086460,575,0.0618966073,576,0.0927687660,577,0.1404528916,578,0.0664922521,579,0.0012301090,580,0.1225326285,581,0.0484079905,582,-0.1660066694,583,-0.1645774394,584,-0.0177199990,585,-0.1522847116,586,-0.1631598920,592,-1.0000000000
317,0,-0.0953182429,557,-0.0139306327,558,-0.0931896567,559,0.0715340972,560,0.0058292067,561,0.1873375624,562,-0.0197794791,563,-0.0695615932,564,0.1234508157,565,0.0954808816,566,-0.1106820926,567,0.1007638499,568,0.1658183783,569,-0.1061132774,570,0.0198474098,571,-0.1433208585,572,0.1131899431,573,0.1853406280,574,-0.1328343153,575,-0.0425432026,576,0.1387577802,577,-0.1267729998,578,-0.0756907314,579,0.1236029118,580,-0.1660888493,581,0.1382514983,582,-0.0315163806,583,-0.0699852109,584,-0.0806171373,585,0.1086896881,586,-0.1611377895,593,-1.0000000000
318,0,0.1776219010,557,-0.0325195305,558,-0.1643695384,559,0.1395166814,560,0.1197962239,561,0.1542815417,562,-0.0334204510,563,-0.0475335121,564,-0.0029952575,565,-0.1646996439,566,-0.0681684539,567,-0.0260958131,568,-0.0561608672,569,-0.1767386496,570,0.1391118169,571,-0.1062007621,572,0.0353070237,573,0.0813114047,574,-0.1067881212,575,-0.1503648907,576,-0.0315480456,577,0.0186601747,578,0.0835444853,579,-0.0760960504,580,0.1233401820,581,-0.1209085658,582,-0.0684255734,583,-0.0970745459,584,-0.1359689534,585,-0.0174572710,586,-0.1132458374,594,-1.0000000000
319,0,0.0829725415,557,0.0442627594,558,0.0231319182,559,-0.0034620853,560,0.0844835863,561,0.0269995797,562,-0.1565973014,563,-0.0043495563,564,0.0124669233,565,-0.0720636919,566,-0.0087683452,567,0.1268885434,568,-0.0592268370,569,-0.0842098221,570,0.0830317363,571,0.0820782557,572,-0.0174424704,573,0.0548588298,574,0.1615184247,575,-0.1840780824,576,-0.0177421216,577,-0.1787429303,578,0.1166966036,579,-0.0218272973,580,-0.1282422543,581,0.1495642513,582,-0.1059493199,583,-0.0040613352,584,0.1804574877,585,-0.1372294873,586,0.0480541214,595,-1.0000000000
320,0,0.0808807686,557,-0.1389122754,558,0.1169332266,559,-0.1210107058,560,0.1276778877,561,-0.0706163868,562,0.1234007776,563,-0.1729071438,564,0.0582595766,565,0.0993133336,566,0.0153592667,567,0.0897045135,568,-0.0068438859,569,0.1074492559,570,0.0743272305,571,0.0476414226,572,-0.0341372453,573,0.1370699704,574,0.1364983767,575,-0.1560237259,576,-0.0935272723,577,-0.0831708834,578,-0.1235079169,579,-0.0272830911,580,0.0636690781,581,0.0570829846,582,0.0641697645,583,-0.0525442921,584,0.0244671162,585,0.0284265764,586,0.1067751721,596,-1.0000000000
321,0,0.1480247676,557,0.1326424330,558,0.1539329886,559,-0.0567989610,560,-0.1716642678,561,-0.1753815413,562,-0.1380875111,563,-0.1331599802,564,-0.1062205061,565,0.0818958431,566,-0.0387901738,567,0.0984261408,568,0.0428769477,569,0.0284723043,570,0.0355944447,571,-0.1567609012,572,-0.0737279207,573,0.0725168735,574,-0.0898499116,575,-0.0162864700,576,0.0947061479,577,-0.1538166702,578,0.0436976440,579,0.1279898584,580,0.1704713404,581,-0.0445357747,582,0.0824454650,583,-0.1618711054,584,0.0224163439,585,0.0889264420,586,-0.0887079313,597,-1.0000000000
322,0,-0.1070579812,557,-0.1339424998,558,0.1429603249,559,0.0335376970,560,0.1752062887,561,-0.1817975193,562,0.0750451013,563,0.0129688308,564,0.1244793162,565,-0.1742679924,566,-0.1640693247,567,0.0558241941,568,-0.0737373084,569,0.0691060945,570,-0.1685712487,571,0.1590410769,572,-0.1444670707,573,-0.1247561574,574,0.1577939689,575,0.0148929628,576,-0.1144593433,577,-0.0375991352,578,0.0494708344,579,-0.0853364542,580,0.1713744700,581,-0.1085304469,582,0.1627125740,583,-0.1545092016,584,-0.0977544263,585,-0.0621736050,586,-0.0483456142,598,-1.0000000000
323,0,-0.1340636313,557,0.0329977609,558,-0.1385452598,559,0.1015459597,560,0.0837350339,561,-0.1631749123,562,-0.0173022039,563,-0.1650845408,564,-0.0181568060,565,-0.1662454754,566,0.0689011440,567,0.1771448106,568,0.1746658981,569,0.1435895413,570,-0.1302700937,571,-0.0012706533,572,0.0429848768,573,0.1104930118,574,-0.1505572200,575,-0.0974019840,576,-0.0874422342,577,-0.1818911135,578,0.1299043298,579,-0.0416529588,580,-0.0914792418,581,0.0631087199,582,0.0042440211,583,-0.0707937926,584,0.1443911642,585,-0.0519902818,586,0.0633006468,599,-1.0000000000
324,0,0.1545187533,557,-0.0172164682,558,0.0818730816,559,0.1028774232,560,0.1351439357,561,-0.1698325425,562,-0.0365983769,563,-0.0754916966,564,0.0112951640,565,-0.1385838687,566,-0.0064465911,567,-0.0763062090,568,0.0076873004,569,-0.0807742551,570,-0.1420858353,571,0.0356534496,572,0.1188687906,573,-0.1759984046,574,0.0923323110,575,-0.1730319709,576,-0.0995360240,577,-0.1230639294,578,-0.0580505095,579,0.0630585700,580,0.0776911750,581,-0.0831563845,582,0.1715147048,583,0.0093856957,584,-0.1226868555,585,0.0626221299,586,0.1604265720,600,-1.0000000000
325,0,-0.1540728658,557,0.1591474414,558,0.1027937010,559,-0.1450594515,560,0.1405695826,561,0.1118687913,562,-0.0987896323,563,0.1381399482,564,-0.0847449303,565,-0.0747390985,566,-0.1554264575,567,0.0537605137,568,-0.0569043756,569,0.0582166351,570,0.0632552132,571,-0.1113324091,572,-0.0848351866,573,-0.0402657017,574,0.0113052409,575,-0.0912347510,576,0.1013688892,577,-0.0555314422,578,0.1160979718,579,-0.0396498106,580,-0.1621361077,581,0.0323145688,582,0.0846338645,583,0.0271188226,584,0.0771663859,585,-0.0084014386,586,-0.0196817480,601,-1.0000000000
326,0,-0.0747764632,557,-0.0200778730,558,-0.0504182056,559,0.0857395753,560,0.0628644750,561,0.1853205264,562,-0.0071564727,563,-0.0026652408,564,-0.0019117318,565,0.1167718843,566,0.0805271864,567,-0.0205573998,568,0.0288218558,569,0.0552497730,570,-0.0890058652,571,0.0723532811,572,0.1152612120,573,-0.1142712533,574,-0.0967352986,575,-0.0715531930,576,0.0904334262,577,-0.1337984353,578,0.0869482085,579,-0.0204788875,580,0.0269463751,581,-0.0757456347,582,-0.0803624466,583,-0.1576381624,584,0.0094825951,585,0.0417270809,586,-0.0650291741,602,-1.0000000000
327,0,-0.1466015726,557,-0.0014165015,558,0.0898607969,559,0.0470370427,560,-0.1079873070,561,-0.0755043700,562,-0.0584475510,563,0.0531052798,564,-0.0694373846,565,-0.0472718179,566,-0.0955546126,567,-0.0276048407,568,0.0762935877,569,0.0050591454,570,-0.0290450808,571,0.0141517902,572,0.1354260594,573,-0.0202629268,574,0.1522275209,575,-0.0564639606,576,0.0295117069,577,-0.0364613272,578,0.0070052431,579,-0.0585260466,580,0.1667047143,581,0.0216578152,582,-0.0786633119,583,-0.0537809916,584,-0.0680430382,585,-0.0758140534,586,-0.0917200595,603,-1.0000000000
328,0,-0.0690728575,557,-0.0824064836,558,-0.1754399687,559,-0.1381696910,560,-0.1316699684,561,-0.0690694600,562,-0.0350742526,563,-0.0007551463,564,0.0201160703,565,-0.0619419627,566,0.0763997585,567,-0.0836503431,568,-0.1776308417,569,-0.0994987488,570,-0.1237348393,571,-0.0055071916,572,0.0587237738,573,-0.0565703884,574,0.1014135405,575,-0.0098604867,576,0.0136622414,577,0.0419284925,578,0.1693102419,579,0.1314694285,580,-0.1683487892,581,-0.0929499269,582,0.1417024732,583,-0.0986553207,584,0.0027067033,585,0.0477895513,586,0.1023078710,604,-1.0000000000
329,0,-0.1507552862,557,0.1539837569,558,-0.0798120648,559,-0.0307820011,560,0.1550389379,561,-0.0395469256,562,-0.0682117641,563,-0.0832464844,564,-0.0715672448,565,-0.1393944919,566,-0.1784392297,567,0.0190478470,568,0.0718382820,569,0.1764910817,570,-0.1072206274,571,0.1605793089,572,0.1059420258,573,-0.0516954772,574,-0.0823544264,575,-0.0976065025,576,-0.1139500141,577,-0.0364707969,578,-0.1225826144,579,-0.0441771112,580,0.0257907994,581,-0.1698466986,582,-0.0916350484,583,0.1167309508,584,-0.1864637583,585,-0.0653570145,586,0.0796016678,605,-1.0000000000
330,0,0.0206490047,557,0.1406828463,558,-0.1014009193,559,0.0165321697,560,-0.1762993485,561,-0.0866613984,562,-0.0522623137,563,0.1243535653,564,-0.0328680463,565,-0.0543638356,566,0.1330517530,567,0.0951715037,568,-0.0081417253,569,-0.1763321459,570,0.0977271944,571,-0.0684817210,572,0.0026725112,573,-0.1597405523,574,0.1287394911,575,0.0237193201,576,-0.0351532847,577,0.1218281686,578,0.1692388058,579,0.0878113657,580,0.1921022683,581,0.0218167230,582,-0.1075887606,583,0.0657550618,584,0.1454010308,585,-0.1809016615,586,0.1562615037,606,-1.0000000000
331,0,0.0309634302,557,-0.1387861222,558,-0.0444608591,559,0.0585372932,560,0.1449090987,561,0.1351608336,562,0.0321537927,563,0.1097323895,564,-0.0755840614,565,0.0922213569,566,0.0054060151,567,-0.0359651521,568,-0.0244688988,569,0.0063707861,570,-0.0851057693,571,-0.0831964985,572,-0.0876194388,573,-0.0106829740,574,0.0667650700,575,-0.1448141038,576,0.0730382800,577,0.1658207178,578,0.0771755576,579,0.0054493961,580,-0.1634359509,581,0.1761491150,582,-0.0173288733,583,-0.1114555672,584,-0.0588290542,585,-0.1510177404,586,0.1571118087,607,-1.0000000000
332,0,-0.0951600298,557,0.1272297055,558,0.1007009745,559,0.1668195128,560,-0.0700703189,561,0.0811637267,562,-0.0403784439,563,0.1059568673,564,-0.1238556802,565,0.1670388877,566,0.0084432913,567,-0.0417806879,568,0.1412113458,569,-0.1738142371,570,0.1698903292,571,-0.1364038736,572,0.0901215374,573,-0.1512403637,574,0.0500808544,575,0.0916587636,576,0.1825181246,577,-0.0925364941,578,-0.0168281235,579,-0.1063700467,580,-0.0533287376,581,0.0655869171,582,-0.1259204149,583,-0.1022923067,584,-0.1772036701,585,0.1586678624,586,0.1276304126,608,-1.0000000000
333,0,0.1109664887,557,0.0861624107,558,-0.0852412954,559,0.1220608875,560,-0.0683434159,561,-0.0170002040,562,0.1481408924,563,0.0669870302,564,0.0575111397,565,-0.0028476941,566,-0.1910821646,567,0.1681915075,568,-0.1012201458,569,0.0556211732,570,-0.0624938272,571,-0.0072607850,572,-0.0906131119,573,-0.0509013720,574,0.0537848771,575,-0.1556731910,576,-0.0918048024,577,0.1098646224,578,-0.0948852524,579,-0.0038954448,580,-0.0952484906,581,0.0143080074,582,-0.1582253575,583,-0.0185570978,584,0.0548170470,585,0.0765359327,586,-0.0546131060,609,-1.0000000000
334,0,-0.1598887295,557,-0.0228860006,558,-0.1067684069,559,-0.1218389720,560,-0.0290721916,561,0.0730163828,562,0.1651081741,563,0.1386743188,564,0.0360403359,565,-0.0826872885,566,-0.1614809334,567,-0.1285742074,568,0.0151878726,569,0.1102703214,570,0.0317661725,571,-0.0864854679,572,-0.1127427295,573,0.1303133965,574,0.1729107946,575,-0.1361292750,576,0.0062874029,577,-0.0375596806,578,-0.0792642981,579,-0.1642764658,580,0.0376837328,581,-0.0963237062,582,-0.1480944455,583,0.1628232598,584,0.0869621634,585,0.1020813659,586,0.1368438154,610,-1.0000000000
335,0,0.0890570357,557,-0.1229026988,558,-0.0771112815,559,0.0740098357,560,0.0555399172,561,-0.1100434288,562,0.0436154306,563,-0.0038694213,564,-0.0374930091,565,-0.0607223436,566,0.0342030451,567,0.1149441451,568,0.0654812530,569,-0.1277179718,570,-0.1492420286,571,0.0990784988,572,0.0250373371,573,-0.1461623907,574,0.0863222331,575,-0.0798321068,576,0.0489593223,577,0.1274151951,578,-0.1741406769,579,0.0672279149,580,-0.0183474515,581,-0.1746510863,582,-0.1380646229,583,0.1384419054,584,0.0617932677,585,-0.1449946761,586,0.1368113607,611,-1.0000000000
336,0,0.0515434891,557,0.0180191230,558,-0.0201912243,559,-0.1813217849,560,0.0646321848,561,-0.0130525650,562,0.0327883512,563,0.0035383916,564,0.0504882447,565,-0.1121523604,566,0.0149899144,567,-0.1594902575,568,0.0941775963,569,0.0212590639,570,0.1719077975,571,0.0830405727,572,-0.1811147779,573,-0.0933063924,574,-0.0254085325,575,0.0233749803,576,-0.0209511854,577,-0.0173947401,578,0.0954552144,579,0.0446723513,580,0.0728865638,581,-0.1666040421,582,0.1151028350,583,0.0713645890,584,0.0338718332,585,-0.0700554997,586,-0.1508482546,612,-1.0000000000
337,0,-0.1672921330,557,-0.1144084558,558,-0.1049771607,559,0.1806129515,560,-0.0554597415,561,-0.0567129925,562,0.0089571243,563,0.1415624022,564,-0.0926083699,565,0.0678341016,566,-0.1173497885,567,-0.0181737263,568,0.0096561667,569,-0.1341111660,570,0.1553239524,571,-0.0314549208,572,0.0783245042,573,0.0448470004,574,-0.1369374692,575,-0.1761384159,576,-0.0131166289,577,-0.0318401828,578,-0.0863577947,579,-0.0731145367,580,-0.1638713330,581,-0.1792910993,582,0.1019477993,583,0.0090740072,584,0.1617034078,585,-0.1774297208,586,0.0576701015,613,-1.0000000000
338,0,0.0768946186,557,0.0088105900,558,0.0679050535,559,0.1322164088,560,-0.1048324928,561,0.1162241176,562,-0.1015935615,563,0.0526710972,564,-0.1601543128,565,-0.1071313918,566,-0.0443425477,567,-0.1165273860,568,-0.0979697853,569,0.0687040538,570,-0.1150266528,571,-0.0758291557,572,0.0160844512,573,-0.1137523204,574,-0.0952153504,575,-0.0111347819,576,0.0720412508,577,0.0310416725,578,-0.0551910624,579,0.1821381301,580,-0.1778148264,581,-0.1224404350,582,0.1048460528,583,-0.0663957074,584,0.0203079246,585,-0.0134198405,586,-0.1343926042,614,-1.0000000000
339,0,0.0659608990,557,0.1402552724,558,-0.1319697350,559,-0.0224552583,560,0.1611011624,561,0.1313401759,562,-0.1182874292,563,0.0025567885,564,-0.0168454256,565,0.1777796894,566,-0.0774523318,567,0.0082044359,568,0.0522140339,569,0.0872957110,570,0.1166957095,571,0.1101981178,572,0.1824379861,573,-0.1378824562,574,0.1496188790,575,0.0912413150,576,-0.1529402733,577,-0.1050619781,578,-0.0656142384,579,0.1642940938,580,-0.1095776781,581,0.0799883306,582,-0.0847510919,583,0.0827962309,584,0.1898262501,585,-0.0096319187,586,0.0130808996,615,-1.0000000000
340,0,-0.1258502156,557,0.1576209217,558,-0.0641737208,559,-0.0997628346,560,-0.1491426080,561,0.1297672093,562,0.0180045050,563,0.1626645029,564,-0.0491014533,565,0.0035455958,566,-0.1505901068,567,0.1842213571,568,0.1293059736,569,-0.1124717370,570,0.0178635940,571,0.0225880090,572,0.0837263539,573,-0.0969448313,574,0.1387709975,575,-0.0757523105,576,-0.0614072271,577,0.1496831924,578,0.0106968777,579,-0.0843396410,580,-0.1596554816,581,-0.0260362644,582,-0.0914790258,583,0.1798249632,584,-0.1839793921,585,-0.0027126886,586,0.0782525539,616,-1.0000000000
341,0,0.0403575636,617,0.0194677580,618,0.0921733156,619,-0.0603698976,620,0.0593525730,621,-0.0385412239,622,0.1237439513,623,0.1502660364,624,-0.0128480643,625,-0.0311516039,626,0.0821254104,627,-0.1203879789,628,-0.1000651866,629,-0.0169850960,630,-0.0680606067,631,0.0583855174,632,0.1598635316,633,0.1186026782,634,0.1301109046,635,-0.0441007353,636,0.0185428709,637,-0.1022835374,638,0.0051962826,639,-0.0320640430,640,0.0619189516,641,-0.0631700456,642,0.0583960935,643,-0.1392968744,644,-0.1314381808,645,0.1076769456,646,-0.1210754216,647,-1.0000000000
342,0,0.1279667020,647,1.0000000000,648,-1.0000000000
343,0,0.0000000000,519,0.0000000000,520,0.0000000000,521,0.0000000000,522,0.0000000000,523,1.0000000000,524,0.0000000000,649,-1.0000000000
344,0,0.0000000000,519,0.0000000000,520,0.0000000000,521,0.0000000000,522,0.0000000000,523,0.0000000000,524,1.0000000000,650,-1.0000000000
345,0,-0.2343209535,649,0.0516703092,650,-0.3424147367,651,-1.0000000000
346,0,0.5142290592,649,0.6885144711,650,-0.6670575738,652,-1.0000000000
347,0,-0.6259305477,649,-0.5382918119,650,0.2251645029,653,-1.0000000000
348,0,-0.1943242997,649,0.3478234708,650,0.3574934900,654,-1.0000000000
349,0,0.1145874858,649,0.3263333440,650,0.5201513171,655,-1.0000000000
350,0,-0.6172074676,649,0.5897452831,650,-0.3320165575,656,-1.0000000000
351,0,0.2157787085,649,0.0628995076,650,-0.1799221784,657,-1.0000000000
352,0,0.5664876103,649,0.4955275655,650,0.1098323762,658,-1.0000000000
353,0,0.0565417558,649,0.0337883160,650,0.0046460093,659,-1.0000000000
354,0,-0.6688839197,649,-0.5192518234,650,0.0866447464,660,-1.0000000000
355,0,-0.0941228718,649,0.4292933941,650,0.3675796688,661,-1.0000000000
356,0,-0.0103913080,649,-0.3035072684,650,0.1442139894,662,-1.0000000000
357,0,-0.6257429123,649,0.5825408697,650,0.2329434901,663,-1.0000000000
358,0,-0.3062407970,649,0.0498834103,650,0.1358168274,664,-1.0000000000
359,0,-0.3565787077,649,0.2784451246,650,-0.4889134765,665,-1.0000000000
360,0,0.3853100836,649,-0.3191009760,650,0.4054429531,666,-1.0000000000
361,0,0.6339633465,649,-0.2626213133,650,-0.3181137741,667,-1.0000000000
362,0,0.3234538734,649,-0.5272017717,650,-0.5995970964,668,-1.0000000000
363,0,-0.5465751290,649,-0.1632212400,650,-0.5841460228,669,-1.0000000000
364,0,0.1380707026,649,0.1141088381,650,0.0382797606,670,-1.0000000000
365,0,0.4819642901,649,0.3719460368,650,0.2489459366,671,-1.0000000000
366,0,-0.1988051087,649,0.1169964746,650,-0.1247706413,672,-1.0000000000
367,0,0.5029896498,649,-0.3674564660,650,0.6396687627,673,-1.0000000000
368,0,-0.5505874753,649,-0.1900548935,650,-0.1776402444,674,-1.0000000000
369,0,0.6827123165,649,0.5110403299,650,0.2909809649,675,-1.0000000000
370,0,0.1972211450,649,0.6604725718,650,0.3632322848,676,-1.0000000000
371,0,0.4097780287,649,0.0104476633,650,-0.6801980138,677,-1.0000000000
372,0,0.2651447952,649,-0.4117502570,650,-0.3834622204,678,-1.0000000000
373,0,-0.3647415042,649,-0.1163815185,650,-0.4324666560,679,-1.0000000000
374,0,0.5063432455,649,-0.3681633472,650,0.5601892471,680,-1.0000000000
375,0,-0.1179265603,681,0.0446097441,682,0.1648460031,683,0.1012253612,684,-0.0336920992,685,-0.1415491849,686,-0.0808570608,687,-0.0761080235,688,-0.0127118407,689,0.0746519566,690,-0.1696291119,691,0.1399861127,692,-0.0971060991,693,-0.0177755393,694,0.0773084983,695,-0.0010286866,696,0.1444141418,697,0.0886358246,698,0.0669735521,699,0.0292242281,700,0.0018959726,701,0.0121593121,702,-0.0250289906,703,0.1112098619,704,0.1329858601,705,-0.0890827924,706,0.1071644053,707,0.0232396424,708,-0.0094643310,709,-0.0015299345,710,-0.0677834675,711,-1.0000000000
376,0,0.0450566672,681,0.0571035333,682,-0.1417044699,683,0.1706074923,684,-0.0656947866,685,0.0451046862,686,-0.0525897630,687,0.0676525012,688,0.0955811441,689,-0.0907143429,690,0.0466289446,691,-0.0925066918,692,-0.1287375093,693,0.1365125626,694,0.1624398679,695,0.0268456899,696,0.1542239636,697,0.1624203771,698,-0.1755264997,699,-0.0559427738,700,-0.1431569457,701,-0.0137653053,702,0.0550322942,703,-0.1605569273,704,0.0178513043,705,0.0012294673,706,-0.1381987631,707,-0.0830069035,708,-0.1151118577,709,0.0075249737,710,-0.0609739088,712,-1.0000000000
377,0,0.1149348840,681,-0.0479503386,682,-0.0052666729,683,-0.0930804759,684,0.0473200828,685,-0.1035183147,686,0.1191661134,687,0.1354905516,688,-0.0443324894,689,-0.1465524286,690,-0.0294850245,691,-0.0415110551,692,-0.0410722308,693,-0.0167277493,694,-0.0200620051,695,-0.0404452570,696,0.0911283791,697,0.0111535862,698,-0.0653417408,699,-0.0846980512,700,0.1505454332,701,0.1523394436,702,0.0787007511,703,-0.0570410676,704,-0.0202845074,705,-0.0419043154,706,0.1026587039,707,0.1135491803,708,-0.1060086712,709,-0.1688269377,710,-0.0548431985,713,-1.0000000000
378,0,-0.1230566129,681,0.2139106393,682,0.0650812462,683,0.1355450302,684,-0.0889829472,685,-0.0873983279,686,-0.0771057755,687,0.0254841466,688,0.1193226948,689,0.1129531562,690,0.0668835491,691,-0.1240532100,692,0.1609921604,693,0.1144369617,694,-0.0476001501,695,0.1709092706,696,-0.0917512923,697,-0.1496593952,698,-0.0358357057,699,0.0563342720,700,0.0159133505,701,0.0390224978,702,-0.0843213648,703,-0.0193978567,704,-0.0079051238,705,-0.0915568545,706,-0.0051642624,707,-0.0862568617,708,0.0508013703,709,-0.1603535116,710,0.1296374649,714,-1.0000000000
379,0,0.0820031911,681,0.0857481509,682,-0.1006037295,683,-0.1094967052,684,-0.0490108728,685,0.0436273329,686,-0.1448209137,687,0.0505656973,688,-0.1323145777,689,0.0702196807,690,0.1478755772,691,0.0849859491,692,0.0568918958,693,0.0899818316,694,0.0438250564,695,0.1838596761,696,0.0921033472,697,-0.1513667256,698,0.1381973624,699,0.0625041202,700,0.0166846327,701,-0.0371724106,702,0.1942663789,703,-0.0470498614,704,-0.1042187586,705,0.1859489083,706,0.0400294326,707,-0.0186103620,708,0.0988152474,709,-0.1422191709,710,0.0136096766,715,-1.0000000000
380,0,-0.1318779588,681,-0.0572469570,682,-0.1576869339,683,0.0760336742,684,0.1067387387,685,-0.0109850224,686,0.0752319768,687,-0.1023249403,688,-0.1354444027,689,0.1107965931,690,-0.0723732486,691,-0.0148934955,692,0.0136366775,693,-0.1071854904,694,0.1234359220,695,0.1612049788,696,-0.0213193838,697,0.1114185527,698,0.1216637492,699,-0.1052422598,700,0.1572173983,701,0.0967136472,702,0.0939091668,703,0.0950061902,704,0.1736364961,705,-0.1705104858,706,0.1188851297,707,0.0932490304,708,0.1415446699,709,-0.1438556165,710,-0.0496676974,716,-1.0000000000
381,0,-0.1356366724,681,0.0352125727,682,0.1415822655,683,0.1079424694,684,-0.1756292582,685,-0.0238879584,686,-0.0913588405,687,0.0997478962,688,0.0617053658,689,-0.0589618422,690,-0.1816801429,691,-0.0250720363,692,-0.0281622894,693,0.0016448486,694,-0.0429014452,695,-0.2066316158,696,0.0089859897,697,0.0998268649,698,0.1183035448,699,-0.0143574346,700,0.1233584359,701,0.0978671312,702,-0.1631640196,703,-0.1587605476,704,-0.1759434193,705,0.0126935598,706,0.1259001493,707,-0.1029815897,708,-0.1667174548,709,-0.0640095919,710,-0.0697537810,717,-1.0000000000
382,0,-0.0068691843,681,-0.1265422553,682,0.0906020552,683,-0.1843056828,684,0.1746114939,685,-0.1337925792,686,-0.1677437574,687,0.1047233418,688,0.0913402140,689,0.0166611690,690,0.0034202577,691,-0.1776243299,692,0.0269106850,693,-0.0583538041,694,-0.0813337937,695,0.1502058804,696,-0.0971321687,697,0.1665526032,698,-0.1356869191,699,-0.0071802302,700,0.0631309971,701,-0.0424775481,702,-0.0097754775,703,0.1531951874,704,-0.0072434344,705,-0.0631450415,706,0.0099508958,707,-0.1785450280,708,0.1024257690,709,-0.0484785512,710,0.1550923586,718,-1.0000000000
383,0,-0.0638661161,681,0.0532013252,682,0.1464513540,683,-0.0597483814,684,0.1756446362,685,0.1152410880,686,-0.0958790630,687,-0.1548499912,688,-0.0119329458,689,0.0832518339,690,0.0863536000,691,-0.0934068412,692,-0.0834764466,693,-0.0753405318,694,-0.0339450762,695,0.0524411574,696,-0.1318449676,697,-0.0790189207,698,0.1494675577,699,-0.0195389818,700,0.1052340269,701,0.1718155891,702,-0.1071755812,703,-0.1254959106,704,-0.0428811610,705,-0.0805236399,706,-0.1311828494,707,0.1174421534,708,0.0437322259,709,0.1592161208,710,-0.0009535528,719,-1.0000000000
384,0,0.0368841998,681,0.1480323970,682,0.0014507980,683,-0.1501538754,684,0.1584805101,685,-0.0525793098,686,-0.0760310963,687,-0.0865598023,688,0.1234856546,689,0.1496554315,690,-0.0044985949,691,-0.1345634460,692,0.0951936319,693,0.0049639931,694,0.1198397577,695,0.1329684705,696,0.0983512104,697,-0.1179362014,698,0.0738146976,699,0.0978634804,700,-0.1253059357,701,-0.0535865054,702,0.0309022386,703,0.0849108845,704,-0.0341006853,705,-0.0809458867,706,0.0360561423,707,-0.1334085912,708,0.0823644549,709,0.1134884655,710,-0.1730397046,720,-1.0000000000
385,0,-0.1683928519,681,0.1214385480,682,0.1169000119,683,-0.0057242783,684,-0.0010188670,685,-0.1360616088,686,0.1741119027,687,-0.0367759094,688,-0.1818333119,689,-0.1713345051,690,-0.1006382257,691,-0.1186110899,692,-0.0426903814,693,-0.0412985794,694,-0.0276816618,695,-0.0200042725,696,0.0142677864,697,-0.1513219625,698,-0.0499039777,699,0.1485642344,700,-0.0876996368,701,-0.1123852879,702,0.0376040787,703,-0.0030815974,704,-0.1608685702,705,0.0812506303,706,-0.0563597828,707,0.1313351244,708,-0.1197902560,709,0.0072555747,710,-0.1016395241,721,-1.0000000000
386,0,0.0327418521,681,-0.1482727528,682,-0.1697670519,683,-0.1123495251,684,-0.1041043401,685,-0.1690514982,686,-0.0594004542,687,0.0688503310,688,0.1529749483,689,-0.0458106957,690,0.0356405862,691,0.0391784124,692,-0.0164376460,693,-0.0912967324,694,0.0929471999,695,-0.0562738888,696,0.1257316321,697,0.0087942444,698,0.0911775976,699,0.0594660528,700,-0.0107371872,701,-0.1251025200,702,-0.0743662268,703,-0.1185602322,704,0.0077661313,705,0.0640539750,706,-0.1148365214,707,-0.1506036222,708,-0.1448889077,709,0.0300450958,710,0.1802756339,722,-1.0000000000
387,0,-0.1250229627,681,0.1562425643,682,-0.0270302724,683,-0.0571567491,684,-0.0257747769,685,-0.0548059046,686,-0.0941490531,687,0.0388750359,688,0.0337377116,689,-0.0495427698,690,0.1675040871,691,0.0510911047,692,-0.0149406549,693,-0.0224003214,694,0.0312539786,695,0.1534857601,696,0.1748506725,697,-0.0251604170,698,-0.1290473938,699,-0.0041260133,700,0.1652734876,701,0.1456870437,702,-0.0228301827,703,-0.1176901013,704,-0.0735932216,705,-0.0830272734,706,-0.1697920412,707,0.1228328943,708,0.0386238508,709,0.0799160525,710,0.0533003397,723,-1.0000000000
388,0,0.0244780108,681,0.0555118322,682,-0.0394121073,683,0.1590820849,684,0.1003455520,685,0.0786724240,686,0.0127523970,687,0.2111390084,688,0.0011051971,689,0.0431212299,690,0.0546115376,691,-0.0639282838,692,-0.0469820835,693,0.1623123884,694,0.0016825261,695,-0.0846787617,696,-0.0174088236,697,-0.0370525382,698,-0.0649624467,699,0.0771004781,700,-0.1720760018,701,-0.1388956308,702,-0.1060280353,703,-0.0786857083,704,-0.0868297964,705,-0.1482907534,706,0.0941130891,707,0.1255173385,708,-0.1038937196,709,-0.0302092880,710,-0.0205460638,724,-1.0000000000
389,0,-0.0544957109,681,-0.2068233043,682,0.0646931082,683,-0.0811823830,684,-0.1371126920,685,0.0250021089,686,0.0451308005,687,0.0316171795,688,0.0409750789,689,0.0981752649,690,-0.0661297664,691,0.0083456477,692,-0.1715115458,693,0.1089866683,694,0.0779348835,695,0.0865720063,696,0.1569681168,697,-0.0623549670,698,-0.1098391861,699,-0.0804658383,700,0.0926364213,701,0.0050155683,702,0.0244638473,703,0.1807293445,704,-0.1436774731,705,-0.0227938928,706,0.1008128598,707,0.1286675334,708,-0.0385625623,709,-0.0335392579,710,-0.0273119789,725,-1.0000000000
390,0,-0.1414891779,681,-0.1491661072,682,-0.0774854645,683,0.0575901382,684,-0.0457176119,685,0.0080856504,686,0.0658045560,687,0.1534332782,688,0.1565504074,689,0.0769610927,690,0.1220609173,691,-0.0981264114,692,-0.1833510399,693,-0.0723958835,694,0.1698919535,695,-0.0992290974,696,0.1097897217,697,0.1024650559,698,0.0969468504,699,-0.1072633415,700,-0.1318105906,701,-0.0830365941,702,-0.0505244024,703,0.1559719592,704,0.1325142533,705,0.0682816431,706,0.1077091917,707,0.0708486810,708,-0.1643927395,709,0.0799881890,710,0.0385652371,726,-1.0000000000
391,0,0.0240731128,681,0.1491685063,682,0.0779283270,683,0.0758332014,684,0.0237319972,685,-0.1020679250,686,-0.1603734642,687,-0.0217692144,688,0.1461244375,689,-0.0252896324,690,0.0764727816,691,-0.0908004269,692,0.0195516180,693,-0.0395897962,694,-0.0573306791,695,-0.1408468634,696,0.0191465244,697,-0.1621159911,698,-0.1222601160,699,0.0704957321,700,0.1373272240,701,0.1428094506,702,0.0658078566,703,-0.1065070331,704,0.0853384733,705,0.0152139412,706,0.1326447725,707,-0.0535143465,708,-0.0705990046,709,0.0342754498,710,0.1139870360,727,-1.0000000000
392,0,0.0677989945,681,-0.0548000932,682,0.0382239483,683,0.1536992192,684,0.0572690852,685,-0.0091111949,686,0.0946064815,687,-0.1244497374,688,0.0578577183,689,0.0888995230,690,0.0162901264,691,-0.1424880624,692,0.0065333853,693,-0.1478276402,694,0.1538967341,695,0.1456368566,696,0.0991431996,697,0.1483706236,698,0.0497713648,699,0.1051374301,700,0.1793108284,701,-0.0450952537,702,0.1133791432,703,-0.0824861005,704,0.0409964398,705,-0.1551943123,706,-0.1016843989,707,-0.0722207427,708,0.1261363626,709,-0.1682336479,710,-0.0822684988,728,-1.0000000000
393,0,-0.0269282684,681,-0.1248472556,682,0.0955298766,683,-0.0735459775,684,0.0313924775,685,-0.1006469727,686,0.0785543174,687,-0.0410175733,688,-0.1701732576,689,-0.0301439688,690,-0.0189816765,691,-0.1104168519,692,0.0423771292,693,0.1444753855,694,-0.1325798631,695,0.0048162257,696,0.0790391564,697,-0.0250507444,698,-0.0163393132,699,-0.0645674393,700,0.0778830871,701,-0.0271691978,702,-0.1572695225,703,-0.1505110264,704,0.0549256206,705,0.0528656282,706,0.1248772070,707,-0.0913960859,708,0.0725325868,709,-0.1594319791,710,0.1819274276,729,-1.0000000000
394,0,-0.0116560636,681,0.1996816993,682,0.1175542921,683,0.0396229476,684,0.0602298751,685,0.0940943733,686,0.1545525938,687,-0.0100937067,688,0.0061674947,689,0.1821669638,690,-0.0619153865,691,0.0959646776,692,0.0773918033,693,-0.1028768867,694,0.0162128061,695,0.0928391144,696,-0.1004137620,697,0.0908329934,698,-0.1003910676,699,-0.0818501711,700,0.1640658379,701,0.1391967535,702,-0.1598407030,703,0.0390762873,704,0.0421490781,705,-0.0460373610,706,-0.1235021725,707,-0.0992869437,708,-0.1044505462,709,0.1235430911,710,0.1547208875,730,-1.0000000000
395,0,0.0762667507,681,-0.0384240076,682,-0.1496086717,683,-0.0561048239,684,-0.1441955119,685,0.0841852576,686,0.1745192409,687,-0.0580571033,688,0.1669794917,689,0.0350668952,690,-0.0009695666,691,-0.1301530451,692,0.1157731786,693,-0.0163202472,694,-0.1614281088,695,0.0486116856,696,-0.1356522292,697,0.0833236650,698,0.1392774880,699,-0.0249741990,700,0.1408358663,701,0.1821030676,702,-0.1790162027,703,0.1342898607,704,0.1193411872,705,0.0147703951,706,-0.1405095756,707,-0.0228795148,708,-0.0249022450,709,-0.1005580202,710,0.0315608233,731,-1.0000000000
396,0,-0.0403126925,681,0.1483672708,682,0.0611057058,683,0.0913145915,684,-0.0736606717,685,-0.0637578666,686,-0.1096044853,687,0.0241348930,688,-0.0217180923,689,0.0093995165,690,0.1136189327,691,0.0539879985,692,0.1450026929,693,-0.1151712611,694,-0.0414129794,695,0.1751149446,696,0.0922620744,697,0.0918756947,698,-0.0066068871,699,-0.1353838295,700,0.1718755811,701,-0.0593848042,702,-0.1696783006,703,-0.0490227714,704,0.1183774546,705,0.0936455801,706,-0.1321389824,707,0.1689931303,708,0.0611000024,709,0.1767733246,710,-0.1392377913,732,-1.0000000000
397,0,0.1025435477,681,-0.1086896062,682,-0.1022844985,683,0.1580053270,684,0.0847910643,685,0.0892253295,686,-0.1730002761,687,-0.1439184099,688,0.0510904156,689,0.0193093885,690,0.1706434786,691,0.1604322493,692,-0.0386283547,693,0.0877678096,694,-0.0741027445,695,-0.0807460174,696,0.1125093549,697,-0.0361847654,698,0.1388988048,699,-0.1273280978,700,-0.1765004098,701,-0.0104732979,702,0.0359365940,703,-0.1377464235,704,-0.1394414157,705,-0.1249743775,706,-0.0037961712,707,-0.0337305516,708,0.0954277515,709,0.1704034954,710,0.1633448452,733,-1.0000000000
398,0,0.0977515727,681,-0.0460922867,682,0.0486818552,683,-0.0802935809,684,-0.1516695172,685,0.0197329931,686,-0.1091482043,687,-0.0902497470,688,0.1821904927,689,0.0616657063,690,-0.0488764718,691,0.1464429200,692,0.0206991863,693,-0.1804833561,694,0.0856074393,695,0.0034178596,696,0.1107237637,697,0.0451228954,698,-0.0428816043,699,0.1365202814,700,0.1469217092,701,0.1447234750,702,-0.1532579362,703,-0.0563296080,704,0.1068070605,705,-0.0543173663,706,-0.1664773971,707,0.1454199404,708,0.0859396085,709,-0.0613377579,710,-0.1768854707,734,-1.0000000000
399,0,-0.0901797563,681,0.0487926602,682,0.1423308998,683,-0.0625597686,684,-0.0806506351,685,-0.0789552182,686,-0.0349675454,687,0.0659517795,688,0.0934063271,689,-0.0393188410,690,-0.1105591804,691,-0.0277366862,692,0.1038615778,693,0.1361787468,694,-0.1845917404,695,-0.0117406547,696,0.0213716663,697,-0.1027097329,698,0.1051246598,699,-0.1276280284,700,-0.1064151824,701,-0.1280870140,702,0.0271655191,703,0.1349191964,704,-0.0856267363,705,-0.0076178783,706,-0.1141271070,707,0.0600986443,708,0.0400664918,709,-0.0530452169,710,-0.1707126796,735,-1.0000000000
400,0,0.0165750459,681,-0.1260540336,682,-0.0232392382,683,0.0738008320,684,0.0220483262,685,-0.0058393171,686,-0.1041444466,687,-0.1621773988,688,-0.1773772240,689,-0.0440385193,690,-0.1713680178,691,0.1482618004,692,-0.0915162489,693,-0.1395684630,694,-0.1011770740,695,-0.0540549755,696,0.0181347802,697,-0.0364685729,698,0.1684858948,699,0.1501248032,700,-0.0766105652,701,-0.1320927888,702,-0.0375692286,703,-0.0348174088,704,0.1767889112,705,0.0083519462,706,0.0262970906,707,-0.0694529265,708,0.1027601808,709,0.1755552441,710,-0.1310515553,736,-1.0000000000
401,0,-0.0951789171,681,-0.1465027481,682,-0.1304870099,683,-0.1422507465,684,0.0091694221,685,-0.0841960758,686,0.0145503124,687,-0.1821524352,688,-0.0359136201,689,0.1633687764,690,0.1699094027,691,-0.1777321398,692,-0.0277824774,693,-0.1410707980,694,0.0491900332,695,0.0790788606,696,0.1079379618,697,-0.1743853241,698,-0.1359761506,699,-0.1347963214,700,-0.0733749643,701,-0.1108745039,702,-0.0620132871,703,0.1245615259,704,-0.0879351348,705,0.0172678549,706,-0.0063819070,707,-0.1161356419,708,0.0237098318,709,0.1680154055,710,-0.0575453751,737,-1.0000000000
402,0,-0.0851648152,681,-0.0171443298,682,-0.0896210447,683,0.1094501242,684,-0.0120648583,685,-0.1400193423,686,0.1646068394,687,0.0252777394,688,-0.0323961042,689,-0.1004314199,690,0.0203333199,691,0.0423385538,692,-0.0651481152,693,0.1008532420,694,-0.0626996532,695,0.0355531834,696,0.0539834015,697,0.0597558692,698,-0.1139327213,699,0.1442807168,700,-0.1788059324,701,0.0633237809,702,-0.1748861670,703,0.0572611950,704,0.1496219635,705,0.1266469061,706,0.0770226195,707,0.0055646468,708,0.0596927293,709,0.1676700711,710,0.0542072654,738,-1.0000000000
403,0,-0.0180120934,681,-0.0953485742,682,-0.0069946875,683,-0.1087767035,684,-0.1501628458,685,0.0248974357,686,0.0877969936,687,0.0326744914,688,-0.0570215248,689,0.1709024459,690,0.0058711148,691,0.0993203595,692,0.0273974407,693,-0.1730002016,694,-0.1488410681,695,0.0087074917,696,-0.1509783566,697,0.0704873726,698,-0.0376859717,699,-0.0087301051,700,0.0538061187,701,-0.1103055328,702,0.1538958102,703,0.1321891844,704,-0.1210194081,705,0.1266755611,706,0.0185384247,707,-0.0853023008,708,-0.1279843897,709,-0.1662985981,710,-0.0020302616,739,-1.0000000000
404,0,-0.1773880422,681,0.2287866771,682,0.1727171987,683,-0.0273430906,684,0.1275516152,685,-0.1493609399,686,-0.0589302108,687,-0.1393693984,688,0.1328211576,689,-0.1100407615,690,-0.0840036571,691,0.1072886288,692,-0.0545088798,693,0.1477216035,694,0.0236999616,695,0.1574734896,696,0.0225803182,697,-0.0702093095,698,0.0077248877,699,0.0369378552,700,-0.0526655167,701,0.0110665970,702,0.0192304309,703,0.1245160177,704,0.1212180182,705,0.0878087357,706,-0.1610423028,707,-0.1268970668,708,-0.1418006122,709,0.0694236532,710,-0.0903572515,740,-1.0000000000
405,0,-0.0070452131,741,-0.0627132654,742,0.0863348767,743,0.1331065893,744,0.0869855881,745,0.0547318459,746,0.1294298917,747,-0.0699085370,748,0.0900267884,749,-0.1536262631,750,0.2293331027,751,-0.0998108536,752,-0.1748947352,753,0.1607211232,754,-0.1570667922,755,-0.0322044678,756,-0.1341458708,757,0.1334251314,758,-0.1664500237,759,-0.0713577569,760,0.0716935843,761,0.0433867797,762,0.0315019973,763,0.0631477833,764,-0.0612919442,765,-0.1473305970,766,0.0068829046,767,0.1448811144,768,-0.0924406052,769,0.1557192951,770,0.0127780596,771,-1.0000000000
406,0,0.1179761291,771,1.0000000000,772,-1.0000000000
0,relu,38,8
1,relu,39,9
2,relu,40,10
3,relu,41,11
4,relu,42,12
5,relu,43,13
6,relu,44,14
7,relu,45,15
8,relu,46,16
9,relu,47,17
10,relu,48,18
11,relu,49,19
12,relu,50,20
13,relu,51,21
14,relu,52,22
15,relu,53,23
16,relu,54,24
17,relu,55,25
18,relu,56,26
19,relu,57,27
20,relu,58,28
21,relu,59,29
22,relu,60,30
23,relu,61,31
24,relu,62,32
25,relu,63,33
26,relu,64,34
27,relu,65,35
28,relu,66,36
29,relu,67,37
30,relu,98,68
31,relu,99,69
32,relu,100,70
33,relu,101,71
34,relu,102,72
35,relu,103,73
36,relu,104,74
37,relu,105,75
38,relu,106,76
39,relu,107,77
40,relu,108,78
41,relu,109,79
42,relu,110,80
43,relu,111,81
44,relu,112,82
45,relu,113,83
46,relu,114,84
47,relu,115,85
48,relu,116,86
49,relu,117,87
50,relu,118,88
51,relu,119,89
52,relu,120,90
53,relu,121,91
54,relu,122,92
55,relu,123,93
56,relu,124,94
57,relu,125,95
58,relu,126,96
59,relu,127,97
60,relu,162,132
61,relu,163,133
62,relu,164,134
63,relu,165,135
64,relu,166,136
65,relu,167,137
66,relu,168,138
67,relu,169,139
68,relu,170,140
69,relu,171,141
70,relu,172,142
71,relu,173,143
72,relu,174,144
73,relu,175,145
74,relu,176,146
75,relu,177,147
76,relu,178,148
77,relu,179,149
78,relu,180,150
79,relu,181,151
80,relu,182,152
81,relu,183,153
82,relu,184,154
83,relu,185,155
84,relu,186,156
85,relu,187,157
86,relu,188,158
87,relu,189,159
88,relu,190,160
89,relu,191,161
90,relu,222,192
91,relu,223,193
92,relu,224,194
93,relu,225,195
94,relu,226,196
95,relu,227,197
96,relu,228,198
97,relu,229,199
98,relu,230,200
99,relu,231,201
100,relu,232,202
101,relu,233,203
102,relu,234,204
103,relu,235,205
104,relu,236,206
105,relu,237,207
106,relu,238,208
107,relu,239,209
108,relu,240,210
109,relu,241,211
110,relu,242,212
111,relu,243,213
112,relu,244,214
113,relu,245,215
114,relu,246,216
115,relu,247,217
116,relu,248,218
117,relu,249,219
118,relu,250,220
119,relu,251,221
120,relu,296,266
121,relu,297,267
122,relu,298,268
123,relu,299,269
124,relu,300,270
125,relu,301,271
126,relu,302,272
127,relu,303,273
128,relu,304,274
129,relu,305,275
130,relu,306,276
131,relu,307,277
132,relu,308,278
133,relu,309,279
134,relu,310,280
135,relu,311,281
136,relu,312,282
137,relu,313,283
138,relu,314,284
139,relu,315,285
140,relu,316,286
141,relu,317,287
142,relu,318,288
143,relu,319,289
144,relu,320,290
145,relu,321,291
146,relu,322,292
147,relu,323,293
148,relu,324,294
149,relu,325,295
150,relu,356,326
151,relu,357,327
152,relu,358,328
153,relu,359,329
154,relu,360,330
155,relu,361,331
156,relu,362,332
157,relu,363,333
158,relu,364,334
159,relu,365,335
160,relu,366,336
161,relu,367,337
162,relu,368,338
163,relu,369,339
164,relu,370,340
165,relu,371,341
166,relu,372,342
167,relu,373,343
168,relu,374,344
169,relu,375,345
170,relu,376,346
171,relu,377,347
172,relu,378,348
173,relu,379,349
174,relu,380,350
175,relu,381,351
176,relu,382,352
177,relu,383,353
178,relu,384,354
179,relu,385,355
180,relu,422,392
181,relu,423,393
182,relu,424,394
183,relu,425,395
184,relu,426,396
185,relu,427,397
186,relu,428,398
187,relu,429,399
188,relu,430,400
189,relu,431,401
190,relu,432,402
191,relu,433,403
192,relu,434,404
193,relu,435,405
194,relu,436,406
195,relu,437,407
196,relu,438,408
197,relu,439,409
198,relu,440,410
199,relu,441,411
200,relu,442,412
201,relu,443,413
202,relu,444,414
203,relu,445,415
204,relu,446,416
205,relu,447,417
206,relu,448,418
207,relu,449,419
208,relu,450,420
209,relu,451,421
210,relu,482,452
211,relu,483,453
212,relu,484,454
213,relu,485,455
214,relu,486,456
215,relu,487,457
216,relu,488,458
217,relu,489,459
218,relu,490,460
219,relu,491,461
220,relu,492,462
221,relu,493,463
222,relu,494,464
223,relu,495,465
224,relu,496,466
225,relu,497,467
226,relu,498,468
227,relu,499,469
228,relu,500,470
229,relu,501,471
230,relu,502,472
231,relu,503,473
232,relu,504,474
233,relu,505,475
234,relu,506,476
235,relu,507,477
236,relu,508,478
237,relu,509,479
238,relu,510,480
239,relu,511,481
240,relu,557,527
241,relu,558,528
242,relu,559,529
243,relu,560,530
244,relu,561,531
245,relu,562,532
246,relu,563,533
247,relu,564,534
248,relu,565,535
249,relu,566,536
250,relu,567,537
251,relu,568,538
252,relu,569,539
253,relu,570,540
254,relu,571,541
255,relu,572,542
256,relu,573,543
257,relu,574,544
258,relu,575,545
259,relu,576,546
260,relu,577,547
261,relu,578,548
262,relu,579,549
263,relu,580,550
264,relu,581,551
265,relu,582,552
266,relu,583,553
267,relu,584,554
268,relu,585,555
269,relu,586,556
270,relu,617,587
271,relu,618,588
272,relu,619,589
273,relu,620,590
274,relu,621,591
275,relu,622,592
276,relu,623,593
277,relu,624,594
278,relu,625,595
279,relu,626,596
280,relu,627,597
281,relu,628,598
282,relu,629,599
283,relu,630,600
284,relu,631,601
285,relu,632,602
286,relu,633,603
287,relu,634,604
288,relu,635,605
289,relu,636,606
290,relu,637,607
291,relu,638,608
292,relu,639,609
293,relu,640,610
294,relu,641,611
295,relu,642,612
296,relu,643,613
297,relu,644,614
298,relu,645,615
299,relu,646,616
300,relu,681,651
301,relu,682,652
302,relu,683,653
303,relu,684,654
304,relu,685,655
305,relu,686,656
306,relu,687,657
307,relu,688,658
308,relu,689,659
309,relu,690,660
310,relu,691,661
311,relu,692,662
312,relu,693,663
313,relu,694,664
314,relu,695,665
315,relu,696,666
316,relu,697,667
317,relu,698,668
318,relu,699,669
319,relu,700,670
320,relu,701,671
321,relu,702,672
322,relu,703,673
323,relu,704,674
324,relu,705,675
325,relu,706,676
326,relu,707,677
327,relu,708,678
328,relu,709,679
329,relu,710,680
330,relu,741,711
331,relu,742,712
332,relu,743,713
333,relu,744,714
334,relu,745,715
335,relu,746,716
336,relu,747,717
337,relu,748,718
338,relu,749,719
339,relu,750,720
340,relu,751,721
341,relu,752,722
342,relu,753,723
343,relu,754,724
344,relu,755,725
345,relu,756,726
346,relu,757,727
347,relu,758,728
348,relu,759,729
349,relu,760,730
350,relu,761,731
351,relu,762,732
352,relu,763,733
353,relu,764,734
354,relu,765,735
355,relu,766,736
356,relu,767,737
357,relu,768,738
358,relu,769,739
359,relu,770,740